Date,GameID,Away,Home
2022-01-01,0022100539,NOP,MIL
2022-01-01,0022100540,SAS,DET
2022-01-01,0022100541,CHI,WAS
2022-01-01,0022100542,LAC,BKN
2022-01-01,0022100543,DEN,HOU
2022-01-01,0022100544,GSW,UTA
2022-01-02,0022100545,NYK,TOR
2022-01-02,0022100546,ORL,BOS
2022-01-02,0022100547,IND,CLE
2022-01-02,0022100548,MIA,SAC
2022-01-02,0022100549,PHX,CHA
2022-01-02,0022100550,DAL,OKC
2022-01-02,0022100551,MIN,LAL
2022-01-03,0022100552,HOU,PHI
2022-01-03,0022100553,CHA,WAS
2022-01-03,0022100554,MEM,BKN
2022-01-03,0022100555,ORL,CHI
2022-01-03,0022100556,DET,MIL
2022-01-03,0022100557,UTA,NOP
2022-01-03,0022100558,DEN,DAL
2022-01-03,0022100559,MIA,GSW
2022-01-03,0022100560,ATL,POR
2022-01-03,0022100561,MIN,LAC
2022-01-04,0022100562,MEM,CLE
2022-01-04,0022100563,SAS,TOR
2022-01-04,0022100564,IND,NYK
2022-01-04,0022100565,PHX,NOP
2022-01-04,0022100566,SAC,LAL
2022-01-05,0022100567,DET,CHA
2022-01-05,0022100568,PHI,ORL
2022-01-05,0022100569,HOU,WAS
2022-01-05,0022100570,SAS,BOS
2022-01-05,0022100571,BKN,IND
2022-01-05,0022100572,GSW,DAL
2022-01-05,0022100573,TOR,MIL
2022-01-05,0022100574,OKC,MIN
2022-01-05,0022100575,UTA,DEN
2022-01-05,0022100576,MIA,POR
2022-01-05,0022100577,ATL,SAC
2022-01-06,0022100578,BOS,NYK
2022-01-06,0022100579,DET,MEM
2022-01-06,0022100580,GSW,NOP
2022-01-06,0022100581,LAC,PHX
2022-01-07,0022100582,SAS,PHI
2022-01-07,0022100583,MIL,BKN
2022-01-07,0022100584,UTA,TOR
2022-01-07,0022100585,WAS,CHI
2022-01-07,0022100586,DAL,HOU
2022-01-07,0022100587,MIN,OKC
2022-01-07,0022100588,SAC,DEN
2022-01-07,0022100589,ATL,LAL
2022-01-07,0022100590,CLE,POR
2022-01-08,0022100591,MEM,LAC
2022-01-08,0022100592,MIL,CHA
2022-01-08,0022100593,ORL,DET
2022-01-08,0022100594,UTA,IND
2022-01-08,0022100595,NYK,BOS
2022-01-08,0022100596,MIA,PHX
2022-01-09,0022100602,SAS,BKN
2022-01-09,0022100597,ATL,LAC
2022-01-09,0022100598,WAS,ORL
2022-01-09,0022100599,NOP,TOR
2022-01-09,0022100600,MIN,HOU
2022-01-09,0022100601,DEN,OKC
2022-01-09,0022100603,CHI,DAL
2022-01-09,0022100604,CLE,GSW
2022-01-09,0022100605,SAC,POR
2022-01-09,0022100606,MEM,LAL
2022-01-10,0022100607,MIL,CHA
2022-01-10,0022100608,UTA,DET
2022-01-10,0022100609,IND,BOS
2022-01-10,0022100610,SAS,NYK
2022-01-10,0022100711,PHI,HOU
2022-01-10,0022100486,BKN,POR
2022-01-10,0022100611,CLE,SAC
2022-01-11,0022100612,OKC,WAS
2022-01-11,0022100613,PHX,TOR
2022-01-11,0022100415,DET,CHI
2022-01-11,0022100614,GSW,MEM
2022-01-11,0022100615,MIN,NOP
2022-01-11,0022100616,DEN,LAC
2022-01-12,0022100618,BOS,IND
2022-01-12,0022100619,CHA,PHI
2022-01-12,0022100620,ORL,WAS
2022-01-12,0022100621,MIA,ATL
2022-01-12,0022100622,DAL,NYK
2022-01-12,0022100623,HOU,SAS
2022-01-12,0022100624,CLE,UTA
2022-01-12,0022100625,BKN,CHI
2022-01-12,0022100626,LAL,SAC
2022-01-13,0022100627,GSW,MIL
2022-01-13,0022100628,MIN,MEM
2022-01-13,0022100629,LAC,NOP
2022-01-13,0022100630,OKC,BKN
2022-01-13,0022100631,POR,DEN
2022-01-14,0022100632,ORL,CHA
2022-01-14,0022100633,TOR,DET
2022-01-14,0022100634,PHX,IND
2022-01-14,0022100635,BOS,PHI
2022-01-14,0022100637,GSW,CHI
2022-01-14,0022100636,ATL,MIA
2022-01-14,0022100638,CLE,SAS
2022-01-14,0022100639,DAL,MEM
2022-01-14,0022100640,HOU,SAC
2022-01-15,0022100641,TOR,MIL
2022-01-15,0022100642,POR,WAS
2022-01-15,0022100643,NYK,ATL
2022-01-15,0022100644,NOP,BKN
2022-01-15,0022100645,PHI,MIA
2022-01-15,0022100646,CLE,OKC
2022-01-15,0022100647,CHI,BOS
2022-01-15,0022100648,LAC,SAS
2022-01-15,0022100649,LAL,DEN
2022-01-15,0022100650,ORL,DAL
2022-01-16,0022100617,PHX,DET
2022-01-16,0022100651,HOU,SAC
2022-01-16,0022100652,GSW,MIN
2022-01-16,0022100653,UTA,DEN
2022-01-17,0022100654,NOP,BOS
2022-01-17,0022100655,CHA,NYK
2022-01-17,0022100656,PHI,WAS
2022-01-17,0022100657,BKN,CLE
2022-01-17,0022100658,CHI,MEM
2022-01-17,0022100659,IND,LAC
2022-01-17,0022100660,MIL,ATL
2022-01-17,0022100661,POR,ORL
2022-01-17,0022100662,TOR,MIA
2022-01-17,0022100663,OKC,DAL
2022-01-17,0022100664,PHX,SAS
2022-01-17,0022100665,UTA,LAL
2022-01-18,0022100666,MIN,NYK
2022-01-18,0022100667,DET,GSW
2022-01-19,0022100668,ORL,PHI
2022-01-19,0022100669,BKN,WAS
2022-01-19,0022100670,MIN,ATL
2022-01-19,0022100671,CHA,BOS
2022-01-19,0022100672,POR,MIA
2022-01-19,0022100673,CLE,CHI
2022-01-19,0022100674,MEM,MIL
2022-01-19,0022100675,TOR,DAL
2022-01-19,0022100676,OKC,SAS
2022-01-19,0022100677,HOU,UTA
2022-01-19,0022100678,LAC,DEN
2022-01-19,0022100679,DET,SAC
2022-01-19,0022100680,IND,LAL
2022-01-20,0022100681,NOP,NYK
2022-01-20,0022100682,PHX,DAL
2022-01-20,0022100683,IND,GSW
2022-01-21,0022100684,OKC,CHA
2022-01-21,0022100685,LAL,ORL
2022-01-21,0022100686,LAC,PHI
2022-01-21,0022100687,MIA,ATL
2022-01-21,0022100688,POR,BOS
2022-01-21,0022100689,TOR,WAS
2022-01-21,0022100690,CHI,MIL
2022-01-21,0022100691,BKN,SAS
2022-01-21,0022100692,MEM,DEN
2022-01-21,0022100693,DET,UTA
2022-01-21,0022100694,HOU,GSW
2022-01-22,0022100696,SAC,MIL
2022-01-22,0022100695,OKC,CLE
2022-01-22,0022100697,IND,PHX
2022-01-23,0022100698,LAC,NYK
2022-01-23,0022100699,BOS,WAS
2022-01-23,0022100700,LAL,MIA
2022-01-23,0022100701,CHI,ORL
2022-01-23,0022100702,POR,TOR
2022-01-23,0022100703,ATL,CHA
2022-01-23,0022100704,PHI,SAS
2022-01-23,0022100705,MEM,DAL
2022-01-23,0022100706,BKN,MIN
2022-01-23,0022100707,DET,DEN
2022-01-23,0022100708,UTA,GSW
2022-01-24,0022100709,NYK,CLE
2022-01-24,0022100712,IND,NOP
2022-01-24,0022100730,CHI,OKC
2022-01-24,0022100713,UTA,PHX
2022-01-25,0022100454,NOP,PHI
2022-01-25,0022100714,DEN,DET
2022-01-25,0022100715,CHA,TOR
2022-01-25,0022100716,LAC,WAS
2022-01-25,0022100717,SAC,BOS
2022-01-25,0022100718,LAL,BKN
2022-01-25,0022100719,SAS,HOU
2022-01-25,0022100720,DAL,GSW
2022-01-25,0022100721,MIN,POR
2022-01-26,0022100722,MIL,CLE
2022-01-26,0022100723,CHA,IND
2022-01-26,0022100724,LAC,ORL
2022-01-26,0022100725,SAC,ATL
2022-01-26,0022100727,NYK,MIA
2022-01-26,0022100453,DEN,BKN
2022-01-26,0022100472,TOR,CHI
2022-01-26,0022100728,MEM,SAS
2022-01-26,0022100731,PHX,UTA
2022-01-26,0022100732,DAL,POR
2022-01-27,0022100733,LAL,PHI
2022-01-27,0022100734,MIN,GSW
2022-01-28,0022100736,DET,ORL
2022-01-28,0022100735,LAL,CHA
2022-01-28,0022100737,BOS,ATL
2022-01-28,0022100729,DEN,NOP
2022-01-28,0022100738,LAC,MIA
2022-01-28,0022100739,POR,HOU
2022-01-28,0022100740,UTA,MEM
2022-01-28,0022100741,IND,OKC
2022-01-28,0022100742,CHI,SAS
2022-01-28,0022100743,MIN,PHX
2022-01-28,0022100744,NYK,MIL
2022-01-29,0022100745,BOS,NOP
2022-01-29,0022100746,IND,DAL
2022-01-29,0022100747,SAC,PHI
2022-01-29,0022100748,TOR,MIA
2022-01-29,0022100749,WAS,MEM
2022-01-29,0022100750,BKN,GSW
2022-01-30,0022100751,LAL,ATL
2022-01-30,0022100752,LAC,CHA
2022-01-30,0022100753,POR,CHI
2022-01-30,0022100754,CLE,DET
2022-01-30,0022100755,DAL,ORL
2022-01-30,0022100756,DEN,MIL
2022-01-30,0022100757,UTA,MIN
2022-01-30,0022100758,SAS,PHX
2022-01-31,0022100759,NOP,CLE
2022-01-31,0022100760,LAC,IND
2022-01-31,0022100761,MEM,PHI
2022-01-31,0022100762,MIA,BOS
2022-01-31,0022100763,SAC,NYK
2022-01-31,0022100767,TOR,ATL
2022-01-31,0022100764,GSW,HOU
2022-01-31,0022100765,POR,OKC
2022-02-01,0022100766,NOP,DET
2022-02-01,0022100768,WAS,MIL
2022-02-01,0022100784,MIA,TOR
2022-02-01,0022100769,ORL,CHI
2022-02-01,0022100770,DEN,MIN
2022-02-01,0022100771,GSW,SAS
2022-02-01,0022100772,BKN,PHX
2022-02-02,0022100773,ORL,IND
2022-02-02,0022100774,WAS,PHI
2022-02-02,0022100775,CHA,BOS
2022-02-02,0022100776,MEM,NYK
2022-02-02,0022100777,CLE,HOU
2022-02-02,0022100778,OKC,DAL
2022-02-02,0022100779,DEN,UTA
2022-02-02,0022100780,BKN,SAC
2022-02-02,0022100781,POR,LAL
2022-02-03,0022100521,MIA,SAS
2022-02-03,0022100782,MIN,DET
2022-02-03,0022100430,CHI,TOR
2022-02-03,0022100783,PHX,ATL
2022-02-03,0022100785,SAC,GSW
2022-02-03,0022100786,LAL,LAC
2022-02-04,0022100787,CLE,CHA
2022-02-04,0022100788,BOS,DET
2022-02-04,0022100789,CHI,IND
2022-02-04,0022100790,ATL,TOR
2022-02-04,0022100792,HOU,SAS
2022-02-04,0022100793,BKN,UTA
2022-02-04,0022100794,NOP,DEN
2022-02-04,0022100791,PHI,DAL
2022-02-04,0022100795,OKC,POR
2022-02-05,0022100796,MEM,ORL
2022-02-05,0022100797,MIA,CHA
2022-02-05,0022100798,PHX,WAS
2022-02-05,0022100799,NYK,LAL
2022-02-05,0022100800,MIL,POR
2022-02-05,0022100801,OKC,SAC
2022-02-06,0022100802,PHI,CHI
2022-02-06,0022100803,DET,MIN
2022-02-06,0022100804,BKN,DEN
2022-02-06,0022100805,IND,CLE
2022-02-06,0022100806,BOS,ORL
2022-02-06,0022100807,ATL,DAL
2022-02-06,0022100808,NOP,HOU
2022-02-06,0022100809,MIL,LAC
2022-02-07,0022100810,TOR,CHA
2022-02-07,0022100811,MIA,WAS
2022-02-07,0022100812,PHX,CHI
2022-02-07,0022100813,GSW,OKC
2022-02-07,0022100814,NYK,UTA
2022-02-08,0022100815,PHX,PHI
2022-02-08,0022100816,IND,ATL
2022-02-08,0022100817,BOS,BKN
2022-02-08,0022100818,LAC,MEM
2022-02-08,0022100819,HOU,NOP
2022-02-08,0022100820,DET,DAL
2022-02-08,0022100821,NYK,DEN
2022-02-08,0022100822,MIL,LAL
2022-02-08,0022100823,ORL,POR
2022-02-08,0022100824,MIN,SAC
2022-02-09,0022100825,SAS,CLE
2022-02-09,0022100826,CHI,CHA
2022-02-09,0022100827,TOR,OKC
2022-02-09,0022100828,GSW,UTA
2022-02-09,0022100829,LAL,POR
2022-02-09,0022100830,MIN,SAC
2022-02-10,0022100831,MEM,DET
2022-02-10,0022100832,BKN,WAS
2022-02-10,0022100833,MIA,NOP
2022-02-10,0022100834,TOR,HOU
2022-02-10,0022100835,LAC,DAL
2022-02-10,0022100836,MIL,PHX
2022-02-10,0022100837,NYK,GSW
2022-02-11,0022100838,CHA,DET
2022-02-11,0022100839,CLE,IND
2022-02-11,0022100840,OKC,PHI
2022-02-11,0022100841,SAS,ATL
2022-02-11,0022100842,DEN,BOS
2022-02-11,0022100843,MIN,CHI
2022-02-11,0022100844,ORL,UTA
2022-02-12,0022100845,NYK,POR
2022-02-12,0022100846,MEM,CHA
2022-02-12,0022100847,SAC,WAS
2022-02-12,0022100848,SAS,NOP
2022-02-12,0022100849,CLE,PHI
2022-02-12,0022100850,DEN,TOR
2022-02-12,0022100851,BKN,MIA
2022-02-12,0022100852,OKC,CHI
2022-02-12,0022100853,LAC,DAL
2022-02-12,0022100854,LAL,GSW
2022-02-12,0022100855,ORL,PHX
2022-02-13,0022100856,ATL,BOS
2022-02-13,0022100857,MIN,IND
2022-02-14,0022100858,DET,WAS
2022-02-14,0022100859,SAC,BKN
2022-02-14,0022100860,OKC,NYK
2022-02-14,0022100861,SAS,CHI
2022-02-14,0022100862,POR,MIL
2022-02-14,0022100863,TOR,NOP
2022-02-14,0022100864,ORL,DEN
2022-02-14,0022100865,HOU,UTA
2022-02-14,0022100866,GSW,LAC
2022-02-15,0022100867,CLE,ATL
2022-02-15,0022100868,DAL,MIA
2022-02-15,0022100869,BOS,PHI
2022-02-15,0022100870,IND,MIL
2022-02-15,0022100871,CHA,MIN
2022-02-15,0022100872,MEM,NOP
2022-02-15,0022100873,LAC,PHX
2022-02-16,0022100874,ATL,ORL
2022-02-16,0022100875,DET,BOS
2022-02-16,0022100876,WAS,IND
2022-02-16,0022100877,BKN,NYK
2022-02-16,0022100878,SAC,CHI
2022-02-16,0022100879,POR,MEM
2022-02-16,0022100880,TOR,MIN
2022-02-16,0022100881,SAS,OKC
2022-02-16,0022100882,HOU,PHX
2022-02-16,0022100883,DEN,GSW
2022-02-16,0022100884,UTA,LAL
2022-02-17,0022100885,MIA,CHA
2022-02-17,0022100464,WAS,BKN
2022-02-17,0022100886,DAL,NOP
2022-02-17,0022100887,PHI,MIL
2022-02-17,0022100888,HOU,LAC
2022-02-18,0032100004,WOR,IAH
2022-02-18,0032100005,PAY,BAR
2022-02-18,0032100006,BAR,IAH
2022-02-20,0032100001,DRT,LBN
2022-02-24,0022100889,CLE,DET
2022-02-24,0022100890,BOS,BKN
2022-02-24,0022100891,ATL,CHI
2022-02-24,0022100892,MEM,MIN
2022-02-24,0022100893,PHX,OKC
2022-02-24,0022100894,GSW,POR
2022-02-24,0022100895,DEN,SAC
2022-02-25,0022100896,TOR,CHA
2022-02-25,0022100897,OKC,IND
2022-02-25,0022100898,HOU,ORL
2022-02-25,0022100899,SAS,WAS
2022-02-25,0022100900,MIA,NYK
2022-02-25,0022100901,PHI,MIN
2022-02-25,0022100902,NOP,PHX
2022-02-25,0022100903,DAL,UTA
2022-02-25,0022100904,LAC,LAL
2022-02-26,0022100905,BOS,DET
2022-02-26,0022100906,TOR,ATL
2022-02-26,0022100907,WAS,CLE
2022-02-26,0022100908,SAS,MIA
2022-02-26,0022100909,MEM,CHI
2022-02-26,0022100910,BKN,MIL
2022-02-26,0022100911,SAC,DEN
2022-02-27,0022100912,PHI,NYK
2022-02-27,0022100913,UTA,PHX
2022-02-27,0022100914,BOS,IND
2022-02-27,0022100915,DET,CHA
2022-02-27,0022100916,LAC,HOU
2022-02-27,0022100917,DAL,GSW
2022-02-27,0022100918,DEN,POR
2022-02-27,0022100919,NOP,LAL
2022-02-28,0022100920,MIN,CLE
2022-02-28,0022100921,IND,ORL
2022-02-28,0022100726,TOR,BKN
2022-02-28,0022100922,CHI,MIA
2022-02-28,0022100923,SAS,MEM
2022-02-28,0022100924,CHA,MIL
2022-02-28,0022100925,SAC,OKC
2022-03-01,0022100926,DET,WAS
2022-03-01,0022100927,ATL,BOS
2022-03-01,0022100928,BKN,TOR
2022-03-01,0022100929,LAC,HOU
2022-03-01,0022100930,GSW,MIN
2022-03-01,0022100931,DAL,LAL
2022-03-02,0022100932,CHA,CLE
2022-03-02,0022100933,IND,ORL
2022-03-02,0022100934,NYK,PHI
2022-03-02,0022100935,UTA,HOU
2022-03-02,0022100936,MIA,MIL
2022-03-02,0022100937,SAC,NOP
2022-03-02,0022100938,OKC,DEN
2022-03-02,0022100939,POR,PHX
2022-03-03,0022100710,CHI,ATL
2022-03-03,0022100940,MEM,BOS
2022-03-03,0022100941,MIA,BKN
2022-03-03,0022100942,DET,TOR
2022-03-03,0022100943,GSW,DAL
2022-03-03,0022100944,SAC,SAS
2022-03-03,0022100945,LAL,LAC
2022-03-04,0022100946,IND,DET
2022-03-04,0022100947,CLE,PHI
2022-03-04,0022100948,ATL,WAS
2022-03-04,0022100458,ORL,TOR
2022-03-04,0022100949,MIL,CHI
2022-03-04,0022100950,UTA,NOP
2022-03-04,0022100951,MIN,OKC
2022-03-04,0022100952,HOU,DEN
2022-03-04,0022100953,NYK,PHX
2022-03-05,0022100954,SAC,DAL
2022-03-05,0022100955,SAS,CHA
2022-03-05,0022100956,PHI,MIA
2022-03-05,0022100957,ORL,MEM
2022-03-05,0022100958,POR,MIN
2022-03-05,0022100959,GSW,LAL
2022-03-06,0022100960,BKN,BOS
2022-03-06,0022100961,PHX,MIL
2022-03-06,0022100963,IND,WAS
2022-03-06,0022100964,MEM,HOU
2022-03-06,0022100965,UTA,OKC
2022-03-06,0022100962,TOR,CLE
2022-03-06,0022100967,NOP,DEN
2022-03-06,0022100966,NYK,LAC
2022-03-07,0022100968,ATL,DET
2022-03-07,0022100969,CHI,PHI
2022-03-07,0022100970,HOU,MIA
2022-03-07,0022100971,POR,MIN
2022-03-07,0022100972,UTA,DAL
2022-03-07,0022100973,LAL,SAS
2022-03-07,0022100528,GSW,DEN
2022-03-07,0022100974,NYK,SAC
2022-03-08,0022100975,BKN,CHA
2022-03-08,0022100976,CLE,IND
2022-03-08,0022100977,PHX,ORL
2022-03-08,0022100978,NOP,MEM
2022-03-08,0022100979,MIL,OKC
2022-03-08,0022100980,LAC,GSW
2022-03-09,0022100981,BOS,CHA
2022-03-09,0022100982,CHI,DET
2022-03-09,0022100983,PHX,MIA
2022-03-09,0022100984,ATL,MIL
2022-03-09,0022100985,LAL,HOU
2022-03-09,0022100986,OKC,MIN
2022-03-09,0022100987,ORL,NOP
2022-03-09,0022100988,NYK,DAL
2022-03-09,0022100989,TOR,SAS
2022-03-09,0022100990,POR,UTA
2022-03-09,0022100991,DEN,SAC
2022-03-09,0022100992,WAS,LAC
2022-03-10,0022100993,BKN,PHI
2022-03-10,0022100994,GSW,DEN
2022-03-11,0022100995,MIN,ORL
2022-03-11,0022100996,LAC,ATL
2022-03-11,0022100997,DET,BOS
2022-03-11,0022100998,CLE,MIA
2022-03-11,0022100999,DAL,HOU
2022-03-11,0022101000,NYK,MEM
2022-03-11,0022101001,CHA,NOP
2022-03-11,0022101002,UTA,SAS
2022-03-11,0022101003,TOR,PHX
2022-03-11,0022101004,WAS,LAL
2022-03-12,0022101005,MIN,MIA
2022-03-12,0022101006,CLE,CHI
2022-03-12,0022101007,IND,SAS
2022-03-12,0022101008,MIL,GSW
2022-03-12,0022101009,TOR,DEN
2022-03-12,0022101010,SAC,UTA
2022-03-12,0022101011,WAS,POR
2022-03-13,0022101012,NYK,BKN
2022-03-13,0022101013,LAC,DET
2022-03-13,0022101014,DAL,BOS
2022-03-13,0022101015,PHI,ORL
2022-03-13,0022101016,IND,ATL
2022-03-13,0022101017,HOU,NOP
2022-03-13,0022101018,MEM,OKC
2022-03-13,0022101019,LAL,PHX
2022-03-14,0022101020,LAC,CLE
2022-03-14,0022101021,POR,ATL
2022-03-14,0022101022,DEN,PHI
2022-03-14,0022101023,CHA,OKC
2022-03-14,0022101024,MIN,SAS
2022-03-14,0022101025,WAS,GSW
2022-03-14,0022101026,CHI,SAC
2022-03-14,0022101027,MIL,UTA
2022-03-14,0022101028,TOR,LAL
2022-03-15,0022101029,MEM,IND
2022-03-15,0022101030,BKN,ORL
2022-03-15,0022101031,DET,MIA
2022-03-15,0022101032,PHX,NOP
2022-03-16,0022101033,ATL,CHA
2022-03-16,0022101034,PHI,CLE
2022-03-16,0022101035,DEN,WAS
2022-03-16,0022101036,DAL,BKN
2022-03-16,0022101037,POR,NYK
2022-03-16,0022101038,PHX,HOU
2022-03-16,0022101039,LAL,MIN
2022-03-16,0022101040,OKC,SAS
2022-03-16,0022101041,CHI,UTA
2022-03-16,0022101042,BOS,GSW
2022-03-16,0022101043,MIL,SAC
2022-03-16,0022101044,TOR,LAC
2022-03-17,0022101045,DET,ORL
2022-03-18,0022101046,DAL,PHI
2022-03-18,0022101047,MEM,ATL
2022-03-18,0022101048,POR,BKN
2022-03-18,0022101049,DEN,CLE
2022-03-18,0022101050,WAS,NYK
2022-03-18,0022101051,LAL,TOR
2022-03-18,0022101052,OKC,MIA
2022-03-18,0022101053,IND,HOU
2022-03-18,0022101054,NOP,SAS
2022-03-18,0022101055,LAC,UTA
2022-03-18,0022101056,CHI,PHX
2022-03-18,0022101057,BOS,SAC
2022-03-19,0022101058,MIL,MIN
2022-03-19,0022101059,DAL,CHA
2022-03-19,0022101060,DET,CLE
2022-03-19,0022101061,LAL,WAS
2022-03-20,0022101062,POR,IND
2022-03-20,0022101063,MEM,HOU
2022-03-20,0022101064,NOP,ATL
2022-03-20,0022101065,OKC,ORL
2022-03-20,0022101066,PHX,SAC
2022-03-20,0022101067,UTA,NYK
2022-03-20,0022101068,BOS,DEN
2022-03-20,0022101069,TOR,PHI
2022-03-20,0022101070,SAS,GSW
2022-03-21,0022101071,NOP,CHA
2022-03-21,0022101072,LAL,CLE
2022-03-21,0022101073,POR,DET
2022-03-21,0022101074,MIA,PHI
2022-03-21,0022101075,UTA,BKN
2022-03-21,0022101076,TOR,CHI
2022-03-21,0022101077,WAS,HOU
2022-03-21,0022101078,BOS,OKC
2022-03-21,0022101079,MIN,DAL
2022-03-22,0022101080,GSW,ORL
2022-03-22,0022101081,ATL,NYK
2022-03-22,0022101082,CHI,MIL
2022-03-22,0022101083,LAC,DEN
2022-03-23,0022101084,NYK,CHA
2022-03-23,0022101085,ATL,DET
2022-03-23,0022101086,SAC,IND
2022-03-23,0022101087,UTA,BOS
2022-03-23,0022101088,GSW,MIA
2022-03-23,0022101089,BKN,MEM
2022-03-23,0022101090,PHX,MIN
2022-03-23,0022101091,ORL,OKC
2022-03-23,0022101092,HOU,DAL
2022-03-23,0022101093,PHI,LAL
2022-03-23,0022101094,SAS,POR
2022-03-24,0022101095,CLE,TOR
2022-03-24,0022101096,IND,MEM
2022-03-24,0022101097,WAS,MIL
2022-03-24,0022101098,CHI,NOP
2022-03-24,0022101099,PHX,DEN
2022-03-25,0022101100,UTA,CHA
2022-03-25,0022101101,WAS,DET
2022-03-25,0022101102,GSW,ATL
2022-03-25,0022101103,NYK,MIA
2022-03-25,0022101104,DAL,MIN
2022-03-25,0022101105,HOU,POR
2022-03-25,0022101106,PHI,LAC
2022-03-26,0022101107,SAS,NOP
2022-03-26,0022101108,SAC,ORL
2022-03-26,0022101109,IND,TOR
2022-03-26,0022101110,CHI,CLE
2022-03-26,0022101111,BKN,MIA
2022-03-26,0022101112,MIL,MEM
2022-03-26,0022101113,OKC,DEN
2022-03-26,0022101114,HOU,POR
2022-03-27,0022101115,NYK,DET
2022-03-27,0022101116,MIN,BOS
2022-03-27,0022101117,GSW,WAS
2022-03-27,0022101118,PHI,PHX
2022-03-27,0022101119,LAL,NOP
2022-03-27,0022101120,CHA,BKN
2022-03-27,0022101121,UTA,DAL
2022-03-28,0022101122,DEN,CHA
2022-03-28,0022101123,ORL,CLE
2022-03-28,0022101124,ATL,IND
2022-03-28,0022101125,SAC,MIA
2022-03-28,0022101126,CHI,NYK
2022-03-28,0022101127,BOS,TOR
2022-03-28,0022101128,SAS,HOU
2022-03-28,0022101129,GSW,MEM
2022-03-28,0022101130,OKC,POR
2022-03-29,0022101131,MIL,PHI
2022-03-29,0022101132,CHI,WAS
2022-03-29,0022101133,DET,BKN
2022-03-29,0022101134,LAL,DAL
2022-03-29,0022101135,UTA,LAC
2022-03-30,0022101136,DAL,CLE
2022-03-30,0022101137,DEN,IND
2022-03-30,0022101138,ORL,WAS
2022-03-30,0022101139,MIA,BOS
2022-03-30,0022101140,CHA,NYK
2022-03-30,0022101141,MIN,TOR
2022-03-30,0022101142,SAC,HOU
2022-03-30,0022101143,ATL,OKC
2022-03-30,0022101144,MEM,SAS
2022-03-30,0022101145,PHX,GSW
2022-03-30,0022101146,NOP,POR
2022-03-31,0022101147,PHI,DET
2022-03-31,0022100452,CLE,ATL
2022-03-31,0022101148,MIL,BKN
2022-03-31,0022101149,LAC,CHI
2022-03-31,0022101150,LAL,UTA
2022-04-01,0022101151,TOR,ORL
2022-04-01,0022101152,DAL,WAS
2022-04-01,0022101153,IND,BOS
2022-04-01,0022101154,SAC,HOU
2022-04-01,0022101155,PHX,MEM
2022-04-01,0022101156,LAC,MIL
2022-04-01,0022101157,DET,OKC
2022-04-01,0022101158,POR,SAS
2022-04-01,0022101159,MIN,DEN
2022-04-01,0022101160,NOP,LAL
2022-04-02,0022101161,CHA,PHI
2022-04-02,0022101162,CLE,NYK
2022-04-02,0022101163,BKN,ATL
2022-04-02,0022101164,MIA,CHI
2022-04-02,0022101165,UTA,GSW
2022-04-03,0022101166,WAS,BOS
2022-04-03,0022101167,DAL,MIL
2022-04-03,0022101168,DEN,LAL
2022-04-03,0022101169,DET,IND
2022-04-03,0022101170,PHI,CLE
2022-04-03,0022101171,NYK,ORL
2022-04-03,0022101172,MIA,TOR
2022-04-03,0022101173,MIN,HOU
2022-04-03,0022101174,PHX,OKC
2022-04-03,0022101175,POR,SAS
2022-04-03,0022101176,GSW,SAC
2022-04-03,0022101177,NOP,LAC
2022-04-05,0022101178,PHI,IND
2022-04-05,0022101179,CLE,ORL
2022-04-05,0022101180,HOU,BKN
2022-04-05,0022101181,CHA,MIA
2022-04-05,0022101182,ATL,TOR
2022-04-05,0022101183,MIL,CHI
2022-04-05,0022101184,WAS,MIN
2022-04-05,0022101185,POR,OKC
2022-04-05,0022101186,SAS,DEN
2022-04-05,0022101187,MEM,UTA
2022-04-05,0022101188,NOP,SAC
2022-04-05,0022101189,LAL,PHX
2022-04-06,0022101190,DAL,DET
2022-04-06,0022101191,BKN,NYK
2022-04-06,0022101192,WAS,ATL
2022-04-06,0022101193,BOS,CHI
2022-04-06,0022101194,OKC,UTA
2022-04-06,0022101195,PHX,LAC
2022-04-07,0022101196,ORL,CHA
2022-04-07,0022101197,PHI,TOR
2022-04-07,0022101198,BOS,MIL
2022-04-07,0022101199,SAS,MIN
2022-04-07,0022101200,POR,NOP
2022-04-07,0022101201,MEM,DEN
2022-04-07,0022101202,LAL,GSW
2022-04-08,0022101203,MIL,DET
2022-04-08,0022101204,NYK,WAS
2022-04-08,0022101205,CLE,BKN
2022-04-08,0022101206,HOU,TOR
2022-04-08,0022101207,ATL,MIA
2022-04-08,0022101208,CHA,CHI
2022-04-08,0022101209,POR,DAL
2022-04-08,0022101210,PHX,UTA
2022-04-08,0022101211,OKC,LAL
2022-04-09,0022101214,IND,PHI
2022-04-09,0022101213,NOP,MEM
2022-04-09,0022101215,GSW,SAS
2022-04-09,0022101212,SAC,LAC
2022-04-10,0022101216,IND,BKN
2022-04-10,0022101217,WAS,CHA
2022-04-10,0022101218,MIL,CLE
2022-04-10,0022101221,ATL,HOU
2022-04-10,0022101223,BOS,MEM
2022-04-10,0022101226,TOR,NYK
2022-04-10,0022101227,MIA,ORL
2022-04-10,0022101228,DET,PHI
2022-04-10,0022101224,CHI,MIN
2022-04-10,0022101219,SAS,DAL
2022-04-10,0022101220,LAL,DEN
2022-04-10,0022101222,OKC,LAC
2022-04-10,0022101225,GSW,NOP
2022-04-10,0022101229,SAC,PHX
2022-04-10,0022101230,UTA,POR
2022-04-12,0052100101,CLE,BKN
2022-04-12,0052100121,LAC,MIN
2022-04-13,0052100111,CHA,ATL
2022-04-13,0052100131,SAS,NOP
2022-04-15,0052100201,ATL,CLE
2022-04-15,0052100211,NOP,LAC
2022-04-16,0042100171,UTA,DAL
2022-04-16,0042100151,MIN,MEM
2022-04-16,0042100131,TOR,PHI
2022-04-16,0042100161,DEN,GSW
2022-04-17,0042100101,ATL,MIA
2022-04-17,0042100111,BKN,BOS
2022-04-17,0042100121,CHI,MIL
2022-04-17,0042100141,NOP,PHX
2022-04-18,0042100132,TOR,PHI
2022-04-18,0042100172,UTA,DAL
2022-04-18,0042100162,DEN,GSW
2022-04-19,0042100102,ATL,MIA
2022-04-19,0042100152,MIN,MEM
2022-04-19,0042100142,NOP,PHX
2022-04-20,0042100112,BKN,BOS
2022-04-20,0042100133,PHI,TOR
2022-04-20,0042100122,CHI,MIL
2022-04-21,0042100153,MEM,MIN
2022-04-21,0042100173,DAL,UTA
2022-04-21,0042100163,GSW,DEN
2022-04-22,0042100103,MIA,ATL
2022-04-22,0042100123,MIL,CHI
2022-04-22,0042100143,PHX,NOP
2022-04-23,0042100134,PHI,TOR
2022-04-23,0042100174,DAL,UTA
2022-04-23,0042100113,BOS,BKN
2022-04-23,0042100154,MEM,MIN
2022-04-24,0042100124,MIL,CHI
2022-04-24,0042100164,GSW,DEN
2022-04-24,0042100104,MIA,ATL
2022-04-24,0042100144,PHX,NOP
2022-04-25,0042100114,BOS,BKN
2022-04-25,0042100135,TOR,PHI
2022-04-25,0042100175,UTA,DAL
2022-04-26,0042100105,ATL,MIA
2022-04-26,0042100145,NOP,PHX
2022-04-26,0042100155,MIN,MEM
2022-04-27,0042100115,BKN,BOS
2022-04-27,0042100125,CHI,MIL
2022-04-27,0042100165,DEN,GSW
2022-04-28,0042100106,MIA,ATL
2022-04-28,0042100136,PHI,TOR
2022-04-28,0042100146,PHX,NOP
2022-04-28,0042100176,DAL,UTA
2022-04-29,0042100116,BOS,BKN
2022-04-29,0042100126,MIL,CHI
2022-04-29,0042100156,MEM,MIN
2022-04-29,0042100166,GSW,DEN
2022-04-30,0042100107,ATL,MIA
2022-04-30,0042100137,TOR,PHI
2022-04-30,0042100147,NOP,PHX
2022-04-30,0042100177,UTA,DAL
2022-05-01,0042100117,BKN,BOS
2022-05-01,0042100127,CHI,MIL
2022-05-01,0042100157,MIN,MEM
2022-05-01,0042100167,DEN,GSW
2021-10-03,0012100001,BKN,LAL
2021-10-04,0012100002,PHI,TOR
2021-10-04,0012100003,ORL,BOS
2021-10-04,0012100004,ATL,MIA
2021-10-04,0012100005,NOP,MIN
2021-10-04,0012100006,CHA,OKC
2021-10-04,0012100007,UTA,SAS
2021-10-04,0012100008,GSW,POR
2021-10-04,0012100009,PHX,SAC
2021-10-04,0012100010,DEN,LAC
2021-10-05,0012100011,IND,NYK
2021-10-05,0012100012,CLE,CHI
2021-10-05,0012100013,WAS,HOU
2021-10-05,0012100014,MIL,MEM
2021-10-06,0012100020,LAL,PHX
2021-10-06,0012100015,SAS,DET
2021-10-06,0012100016,CLE,ATL
2021-10-06,0012100017,ORL,NOP
2021-10-06,0012100018,UTA,DAL
2021-10-06,0012100019,DEN,GSW
2021-10-06,0012100021,SAC,LAC
2021-10-07,0012100022,MEM,CHA
2021-10-07,0012100023,TOR,PHI
2021-10-07,0012100024,MIA,HOU
2021-10-08,0012100025,IND,CLE
2021-10-08,0012100026,MIL,BKN
2021-10-08,0012100027,NOP,CHI
2021-10-08,0012100028,LAC,DAL
2021-10-08,0012100029,MIA,SAS
2021-10-08,0012100030,MIN,DEN
2021-10-08,0012100031,LAL,GSW
2021-10-09,0012100032,TOR,BOS
2021-10-09,0012100033,NYK,WAS
2021-10-09,0012100034,ATL,MEM
2021-10-10,0012100035,SAS,ORL
2021-10-10,0012100036,CHI,CLE
2021-10-10,0012100037,OKC,MIL
2021-10-10,0012100038,PHX,LAL
2021-10-11,0012100039,HOU,TOR
2021-10-11,0012100040,CHA,MIA
2021-10-11,0012100041,BKN,PHI
2021-10-11,0012100042,DET,MEM
2021-10-11,0012100043,NOP,UTA
2021-10-11,0012100044,SAC,POR
2021-10-11,0012100045,MIN,LAC
2021-10-12,0012100046,TOR,WAS
2021-10-12,0012100047,GSW,LAL
2021-10-13,0012100054,POR,PHX
2021-10-13,0012100048,DAL,CHA
2021-10-13,0012100049,MEM,IND
2021-10-13,0012100050,BOS,ORL
2021-10-13,0012100051,DET,NYK
2021-10-13,0012100052,DEN,OKC
2021-10-13,0012100053,MIL,UTA
2021-10-14,0012100055,MIA,ATL
2021-10-14,0012100056,MIN,BKN
2021-10-14,0012100057,DEN,OKC
2021-10-14,0012100058,LAL,SAC
2021-10-15,0012100059,BOS,MIA
2021-10-15,0012100060,PHI,DET
2021-10-15,0012100061,CLE,IND
2021-10-15,0012100062,WAS,NYK
2021-10-15,0012100063,MEM,CHI
2021-10-15,0012100064,DAL,MIL
2021-10-15,0012100065,HOU,SAS
2021-10-15,0012100066,POR,GSW
2021-10-19,0022100001,BKN,MIL
2021-10-19,0022100002,GSW,LAL
2021-10-20,0022100003,IND,CHA
2021-10-20,0022100004,CHI,DET
2021-10-20,0022100005,BOS,NYK
2021-10-20,0022100006,WAS,TOR
2021-10-20,0022100007,CLE,MEM
2021-10-20,0022100008,HOU,MIN
2021-10-20,0022100009,PHI,NOP
2021-10-20,0022100010,ORL,SAS
2021-10-20,0022100011,OKC,UTA
2021-10-20,0022100012,DEN,PHX
2021-10-20,0022100013,SAC,POR
2021-10-21,0022100014,DAL,ATL
2021-10-21,0022100015,MIL,MIA
2021-10-21,0022100016,LAC,GSW
2021-10-22,0022100017,CHA,CLE
2021-10-22,0022100018,NYK,ORL
2021-10-22,0022100019,IND,WAS
2021-10-22,0022100020,TOR,BOS
2021-10-22,0022100021,BKN,PHI
2021-10-22,0022100022,NOP,CHI
2021-10-22,0022100023,OKC,HOU
2021-10-22,0022100024,SAS,DEN
2021-10-22,0022100025,PHX,LAL
2021-10-22,0022100026,UTA,SAC
2021-10-23,0022100027,ATL,CLE
2021-10-23,0022100028,MIA,IND
2021-10-23,0022100029,DAL,TOR
2021-10-23,0022100030,DET,CHI
2021-10-23,0022100031,NOP,MIN
2021-10-23,0022100032,MIL,SAS
2021-10-23,0022100033,PHX,POR
2021-10-23,0022100034,MEM,LAC
2021-10-24,0022100035,CHA,BKN
2021-10-24,0022100036,ORL,NYK
2021-10-24,0022100037,BOS,HOU
2021-10-24,0022100038,PHI,OKC
2021-10-24,0022100039,GSW,SAC
2021-10-24,0022100040,MEM,LAL
2021-10-25,0022100041,BOS,CHA
2021-10-25,0022100042,MIL,IND
2021-10-25,0022100043,DET,ATL
2021-10-25,0022100044,WAS,BKN
2021-10-25,0022100045,ORL,MIA
2021-10-25,0022100046,CHI,TOR
2021-10-25,0022100047,NOP,MIN
2021-10-25,0022100048,CLE,DEN
2021-10-25,0022100049,POR,LAC
2021-10-26,0022100050,PHI,NYK
2021-10-26,0022100051,GSW,OKC
2021-10-26,0022100052,HOU,DAL
2021-10-26,0022100053,LAL,SAS
2021-10-26,0022100054,DEN,UTA
2021-10-27,0022100055,CHA,ORL
2021-10-27,0022100056,WAS,BOS
2021-10-27,0022100057,MIA,BKN
2021-10-27,0022100058,IND,TOR
2021-10-27,0022100059,ATL,NOP
2021-10-27,0022100060,MIN,MIL
2021-10-27,0022100061,LAL,OKC
2021-10-27,0022100062,SAC,PHX
2021-10-27,0022100063,MEM,POR
2021-10-27,0022100064,CLE,LAC
2021-10-28,0022100065,DET,PHI
2021-10-28,0022100066,ATL,WAS
2021-10-28,0022100067,NYK,CHI
2021-10-28,0022100068,UTA,HOU
2021-10-28,0022100069,SAS,DAL
2021-10-28,0022100070,MEM,GSW
2021-10-29,0022100071,ORL,TOR
2021-10-29,0022100072,IND,BKN
2021-10-29,0022100073,CHA,MIA
2021-10-29,0022100074,SAC,NOP
2021-10-29,0022100075,DAL,DEN
2021-10-29,0022100076,LAC,POR
2021-10-29,0022100077,CLE,LAL
2021-10-30,0022100078,BOS,WAS
2021-10-30,0022100079,ORL,DET
2021-10-30,0022100080,NYK,NOP
2021-10-30,0022100081,TOR,IND
2021-10-30,0022100082,ATL,PHI
2021-10-30,0022100083,UTA,CHI
2021-10-30,0022100084,MIA,MEM
2021-10-30,0022100085,SAS,MIL
2021-10-30,0022100086,OKC,GSW
2021-10-30,0022100087,DEN,MIN
2021-10-30,0022100088,CLE,PHX
2021-10-31,0022100089,SAC,DAL
2021-10-31,0022100090,POR,CHA
2021-10-31,0022100091,UTA,MIL
2021-10-31,0022100092,DET,BKN
2021-10-31,0022100093,HOU,LAL
2021-11-01,0022100094,CLE,CHA
2021-11-01,0022100095,SAS,IND
2021-11-01,0022100096,POR,PHI
2021-11-01,0022100097,WAS,ATL
2021-11-01,0022100098,CHI,BOS
2021-11-01,0022100099,TOR,NYK
2021-11-01,0022100100,DEN,MEM
2021-11-01,0022100101,ORL,MIN
2021-11-01,0022100102,OKC,LAC
2021-11-02,0022100103,MIL,DET
2021-11-02,0022100104,MIA,DAL
2021-11-02,0022100105,SAC,UTA
2021-11-02,0022100106,NOP,PHX
2021-11-02,0022100107,HOU,LAL
2021-11-03,0022100108,POR,CLE
2021-11-03,0022100109,NYK,IND
2021-11-03,0022100110,BOS,ORL
2021-11-03,0022100111,CHI,PHI
2021-11-03,0022100112,TOR,WAS
2021-11-03,0022100113,ATL,BKN
2021-11-03,0022100114,DEN,MEM
2021-11-03,0022100115,LAC,MIN
2021-11-03,0022100116,DAL,SAS
2021-11-03,0022100117,CHA,GSW
2021-11-03,0022100118,NOP,SAC
2021-11-04,0022100119,PHI,DET
2021-11-04,0022100120,UTA,ATL
2021-11-04,0022100121,BOS,MIA
2021-11-04,0022100122,HOU,PHX
2021-11-04,0022100123,OKC,LAL
2021-11-05,0022100124,BKN,DET
2021-11-05,0022100125,SAS,ORL
2021-11-05,0022100126,MEM,WAS
2021-11-05,0022100127,CLE,TOR
2021-11-05,0022100128,NYK,MIL
2021-11-05,0022100129,LAC,MIN
2021-11-05,0022100130,NOP,GSW
2021-11-05,0022100131,IND,POR
2021-11-05,0022100132,CHA,SAC
2021-11-06,0022100133,HOU,DEN
2021-11-06,0022100134,UTA,MIA
2021-11-06,0022100135,PHI,CHI
2021-11-06,0022100136,BOS,DAL
2021-11-06,0022100137,ATL,PHX
2021-11-06,0022100138,LAL,POR
2021-11-07,0022100139,BKN,TOR
2021-11-07,0022100140,CLE,NYK
2021-11-07,0022100141,UTA,ORL
2021-11-07,0022100142,MIL,WAS
2021-11-07,0022100143,IND,SAC
2021-11-07,0022100144,SAS,OKC
2021-11-07,0022100145,HOU,GSW
2021-11-07,0022100146,CHA,LAC
2021-11-08,0022100147,NYK,PHI
2021-11-08,0022100148,BKN,CHI
2021-11-08,0022100149,MIN,MEM
2021-11-08,0022100150,NOP,DAL
2021-11-08,0022100151,MIA,DEN
2021-11-08,0022100152,ATL,GSW
2021-11-08,0022100153,PHX,SAC
2021-11-08,0022100154,CHA,LAL
2021-11-09,0022100155,MIL,PHI
2021-11-09,0022100156,ATL,UTA
2021-11-09,0022100157,POR,LAC
2021-11-10,0022100158,WAS,CLE
2021-11-10,0022100159,BKN,ORL
2021-11-10,0022100160,TOR,BOS
2021-11-10,0022100161,MIL,NYK
2021-11-10,0022100162,DET,HOU
2021-11-10,0022100163,DAL,CHI
2021-11-10,0022100164,CHA,MEM
2021-11-10,0022100165,OKC,NOP
2021-11-10,0022100166,SAC,SAS
2021-11-10,0022100167,IND,DEN
2021-11-10,0022100168,POR,PHX
2021-11-10,0022100169,MIN,GSW
2021-11-10,0022100170,MIA,LAL
2021-11-11,0022100171,TOR,PHI
2021-11-11,0022100172,IND,UTA
2021-11-11,0022100173,MIA,LAC
2021-11-12,0022100174,NYK,CHA
2021-11-12,0022100175,MIL,BOS
2021-11-12,0022100176,DET,CLE
2021-11-12,0022100177,POR,HOU
2021-11-12,0022100178,PHX,MEM
2021-11-12,0022100179,BKN,NOP
2021-11-12,0022100180,SAC,OKC
2021-11-12,0022100181,DAL,SAS
2021-11-12,0022100182,ATL,DEN
2021-11-12,0022100183,CHI,GSW
2021-11-12,0022100184,MIN,LAL
2021-11-13,0022100185,MIA,UTA
2021-11-13,0022100186,PHI,IND
2021-11-13,0022100187,WAS,ORL
2021-11-13,0022100188,MEM,NOP
2021-11-13,0022100189,DET,TOR
2021-11-13,0022100190,BOS,CLE
2021-11-13,0022100191,MIN,LAC
2021-11-14,0022100192,SAS,LAL
2021-11-14,0022100193,MIL,ATL
2021-11-14,0022100194,GSW,CHA
2021-11-14,0022100195,PHX,HOU
2021-11-14,0022100196,BKN,OKC
2021-11-14,0022100197,POR,DEN
2021-11-14,0022100198,CHI,LAC
2021-11-15,0022100199,BOS,CLE
2021-11-15,0022100200,SAC,DET
2021-11-15,0022100201,NOP,WAS
2021-11-15,0022100202,ORL,ATL
2021-11-15,0022100203,IND,NYK
2021-11-15,0022100204,DEN,DAL
2021-11-15,0022100205,HOU,MEM
2021-11-15,0022100206,PHX,MIN
2021-11-15,0022100207,MIA,OKC
2021-11-15,0022100208,TOR,POR
2021-11-15,0022100209,CHI,LAL
2021-11-16,0022100210,GSW,BKN
2021-11-16,0022100211,PHI,UTA
2021-11-16,0022100212,SAS,LAC
2021-11-17,0022100213,WAS,CHA
2021-11-17,0022100214,IND,DET
2021-11-17,0022100215,BOS,ATL
2021-11-17,0022100216,CLE,BKN
2021-11-17,0022100217,NOP,MIA
2021-11-17,0022100218,ORL,NYK
2021-11-17,0022100219,LAL,MIL
2021-11-17,0022100220,SAC,MIN
2021-11-17,0022100221,HOU,OKC
2021-11-17,0022100222,DAL,PHX
2021-11-17,0022100223,CHI,POR
2021-11-18,0022100224,GSW,CLE
2021-11-18,0022100225,WAS,MIA
2021-11-18,0022100226,LAC,MEM
2021-11-18,0022100227,SAS,MIN
2021-11-18,0022100228,PHI,DEN
2021-11-18,0022100229,TOR,UTA
2021-11-19,0022100230,IND,CHA
2021-11-19,0022100231,GSW,DET
2021-11-19,0022100232,LAL,BOS
2021-11-19,0022100233,ORL,BKN
2021-11-19,0022100234,OKC,MIL
2021-11-19,0022100235,LAC,NOP
2021-11-19,0022100236,CHI,DEN
2021-11-19,0022100237,DAL,PHX
2021-11-19,0022100238,TOR,SAC
2021-11-20,0022100239,HOU,NYK
2021-11-20,0022100240,NOP,IND
2021-11-20,0022100241,MIA,WAS
2021-11-20,0022100242,CHA,ATL
2021-11-20,0022100243,OKC,BOS
2021-11-20,0022100244,ORL,MIL
2021-11-20,0022100245,MEM,MIN
2021-11-20,0022100246,PHI,POR
2021-11-20,0022100247,UTA,SAC
2021-11-21,0022100248,DAL,LAC
2021-11-21,0022100249,LAL,DET
2021-11-21,0022100250,NYK,CHI
2021-11-21,0022100251,DEN,PHX
2021-11-21,0022100252,TOR,GSW
2021-11-22,0022100253,BKN,CLE
2021-11-22,0022100254,CHA,WAS
2021-11-22,0022100255,OKC,ATL
2021-11-22,0022100256,HOU,BOS
2021-11-22,0022100257,IND,CHI
2021-11-22,0022100258,ORL,MIL
2021-11-22,0022100259,MIN,NOP
2021-11-22,0022100260,PHX,SAS
2021-11-22,0022100261,MEM,UTA
2021-11-22,0022100262,PHI,SAC
2021-11-23,0022100263,MIA,DET
2021-11-23,0022100264,LAL,NYK
2021-11-23,0022100265,DEN,POR
2021-11-23,0022100266,DAL,LAC
2021-11-24,0022100267,PHX,CLE
2021-11-24,0022100268,LAL,IND
2021-11-24,0022100269,CHA,ORL
2021-11-24,0022100270,BKN,BOS
2021-11-24,0022100271,CHI,HOU
2021-11-24,0022100272,TOR,MEM
2021-11-24,0022100273,DET,MIL
2021-11-24,0022100274,MIA,MIN
2021-11-24,0022100275,WAS,NOP
2021-11-24,0022100276,UTA,OKC
2021-11-24,0022100277,ATL,SAS
2021-11-24,0022100278,PHI,GSW
2021-11-24,0022100279,POR,SAC
2021-11-26,0022100280,DET,LAC
2021-11-26,0022100281,MIN,CHA
2021-11-26,0022100282,PHX,NYK
2021-11-26,0022100283,CHI,ORL
2021-11-26,0022100284,TOR,IND
2021-11-26,0022100285,ATL,MEM
2021-11-26,0022100286,WAS,OKC
2021-11-26,0022100287,BOS,SAS
2021-11-26,0022100288,MIL,DEN
2021-11-26,0022100289,NOP,UTA
2021-11-26,0022100290,POR,GSW
2021-11-26,0022100291,SAC,LAL
2021-11-27,0022100292,MIN,PHI
2021-11-27,0022100293,NYK,ATL
2021-11-27,0022100294,PHX,BKN
2021-11-27,0022100295,ORL,CLE
2021-11-27,0022100296,MIA,CHI
2021-11-27,0022100297,CHA,HOU
2021-11-27,0022100298,WAS,DAL
2021-11-27,0022100299,NOP,UTA
2021-11-28,0022100300,GSW,LAC
2021-11-28,0022100301,MIL,IND
2021-11-28,0022100302,BOS,TOR
2021-11-28,0022100303,SAC,MEM
2021-11-28,0022100304,DET,LAL
2021-11-29,0022100305,ORL,PHI
2021-11-29,0022100306,DEN,MIA
2021-11-29,0022100307,CHA,CHI
2021-11-29,0022100308,OKC,HOU
2021-11-29,0022100309,IND,MIN
2021-11-29,0022100310,CLE,DAL
2021-11-29,0022100311,WAS,SAS
2021-11-29,0022100312,POR,UTA
2021-11-29,0022100313,NOP,LAC
2021-11-30,0022100314,NYK,BKN
2021-11-30,0022100315,MEM,TOR
2021-11-30,0022100316,GSW,PHX
2021-11-30,0022100317,DET,POR
2021-11-30,0022100318,LAL,SAC
2021-12-01,0022100319,ATL,IND
2021-12-01,0022100320,DEN,ORL
2021-12-01,0022100321,MIN,WAS
2021-12-01,0022100322,PHI,BOS
2021-12-01,0022100323,CLE,MIA
2021-12-01,0022100324,CHA,MIL
2021-12-01,0022100325,DAL,NOP
2021-12-01,0022100326,HOU,OKC
2021-12-01,0022100327,SAC,LAC
2021-12-02,0022100328,CHI,NYK
2021-12-02,0022100329,MIL,TOR
2021-12-02,0022100330,OKC,MEM
2021-12-02,0022100331,DET,PHX
2021-12-02,0022100332,SAS,POR
2021-12-03,0022100333,MIA,IND
2021-12-03,0022100334,CLE,WAS
2021-12-03,0022100335,PHI,ATL
2021-12-03,0022100336,MIN,BKN
2021-12-03,0022100337,ORL,HOU
2021-12-03,0022100338,NOP,DAL
2021-12-03,0022100339,BOS,UTA
2021-12-03,0022100340,PHX,GSW
2021-12-03,0022100341,LAC,LAL
2021-12-04,0022100342,DEN,NYK
2021-12-04,0022100343,CHI,BKN
2021-12-04,0022100344,MIA,MIL
2021-12-04,0022100345,MEM,DAL
2021-12-04,0022100346,SAS,GSW
2021-12-04,0022100347,BOS,POR
2021-12-04,0022100348,LAC,SAC
2021-12-05,0022100349,UTA,CLE
2021-12-05,0022100350,CHA,ATL
2021-12-05,0022100351,WAS,TOR
2021-12-05,0022100352,NOP,HOU
2021-12-06,0022100353,PHI,CHA
2021-12-06,0022100354,OKC,DET
2021-12-06,0022100355,WAS,IND
2021-12-06,0022100356,MEM,MIA
2021-12-06,0022100357,DEN,CHI
2021-12-06,0022100358,CLE,MIL
2021-12-06,0022100359,ATL,MIN
2021-12-06,0022100360,SAS,PHX
2021-12-06,0022100361,ORL,GSW
2021-12-06,0022100362,LAC,POR
2021-12-07,0022100363,BKN,DAL
2021-12-07,0022100364,NYK,SAS
2021-12-07,0022100365,BOS,LAL
2021-12-08,0022100366,PHI,CHA
2021-12-08,0022100367,CHI,CLE
2021-12-08,0022100368,WAS,DET
2021-12-08,0022100369,NYK,IND
2021-12-08,0022100370,MIL,MIA
2021-12-08,0022100371,OKC,TOR
2021-12-08,0022100372,BKN,HOU
2021-12-08,0022100373,DAL,MEM
2021-12-08,0022100374,UTA,MIN
2021-12-08,0022100375,DEN,NOP
2021-12-08,0022100376,POR,GSW
2021-12-08,0022100377,ORL,SAC
2021-12-08,0022100378,BOS,LAC
2021-12-09,0022100379,UTA,PHI
2021-12-09,0022100380,LAL,MEM
2021-12-09,0022100381,DEN,SAS
2021-12-10,0022100382,SAC,CHA
2021-12-10,0022100383,DAL,IND
2021-12-10,0022100384,BKN,ATL
2021-12-10,0022100385,NYK,TOR
2021-12-10,0022100386,MIL,HOU
2021-12-10,0022100387,CLE,MIN
2021-12-10,0022100388,DET,NOP
2021-12-10,0022100389,LAL,OKC
2021-12-10,0022100390,BOS,PHX
2021-12-11,0022100391,ORL,LAC
2021-12-11,0022100392,UTA,WAS
2021-12-11,0022100393,SAC,CLE
2021-12-11,0022100394,CHI,MIA
2021-12-11,0022100395,HOU,MEM
2021-12-11,0022100396,GSW,PHI
2021-12-11,0022100397,DEN,SAS
2021-12-12,0022100398,MIL,NYK
2021-12-12,0022100399,BKN,DET
2021-12-12,0022100400,DAL,OKC
2021-12-12,0022100401,NOP,SAS
2021-12-12,0022100402,MIN,POR
2021-12-12,0022100403,ORL,LAL
2021-12-13,0022100404,MIA,CLE
2021-12-13,0022100405,GSW,IND
2021-12-13,0022100406,SAC,TOR
2021-12-13,0022100407,HOU,ATL
2021-12-13,0022100408,MIL,BOS
2021-12-13,0022100409,PHI,MEM
2021-12-13,0022100410,CHA,DAL
2021-12-13,0022100411,WAS,DEN
2021-12-13,0022100412,PHX,LAC
2021-12-14,0022100413,TOR,BKN
2021-12-14,0022100414,GSW,NYK
2021-12-14,0022100416,PHX,POR
2021-12-15,0022100417,HOU,CLE
2021-12-15,0022100418,ATL,ORL
2021-12-15,0022100419,MIA,PHI
2021-12-15,0022100420,LAL,DAL
2021-12-15,0022100421,IND,MIL
2021-12-15,0022100422,NOP,OKC
2021-12-15,0022100423,CHA,SAS
2021-12-15,0022100424,MIN,DEN
2021-12-15,0022100425,LAC,UTA
2021-12-15,0022100426,MEM,POR
2021-12-15,0022100427,WAS,SAC
2021-12-16,0022100428,DET,IND
2021-12-16,0022100429,PHI,BKN
2021-12-16,0022100431,NYK,HOU
2021-12-16,0022100432,WAS,PHX
2021-12-17,0022100433,MIA,ORL
2021-12-17,0022100434,DEN,ATL
2021-12-17,0022100435,GSW,BOS
2021-12-17,0022100438,MIL,NOP
2021-12-17,0022100437,SAS,UTA
2021-12-17,0022100436,LAL,MIN
2021-12-17,0022100439,CHA,POR
2021-12-17,0022100440,MEM,SAC
2021-12-18,0022100441,HOU,DET
2021-12-18,0022100445,NYK,BOS
2021-12-18,0022100442,ORL,BKN
2021-12-18,0022100443,GSW,TOR
2021-12-18,0022100444,LAC,OKC
2021-12-18,0022100446,CLE,MIL
2021-12-18,0022100447,WAS,UTA
2021-12-19,0022100449,MIA,DET
2021-12-19,0022100450,POR,MEM
2021-12-19,0022100451,SAS,SAC
2021-12-19,0022100448,LAL,CHI
2021-12-19,0022100455,DAL,MIN
2021-12-19,0022100456,CHA,PHX
2021-12-20,0022100457,PHI,BOS
2021-12-20,0022100459,HOU,CHI
2021-12-20,0022100460,OKC,MEM
2021-12-20,0022100461,CHA,UTA
2021-12-20,0022100462,SAC,GSW
2021-12-20,0022100463,SAS,LAC
2021-12-21,0022100465,IND,MIA
2021-12-21,0022100466,DET,NYK
2021-12-21,0022100467,POR,NOP
2021-12-21,0022100468,MIN,DAL
2021-12-21,0022100469,PHX,LAL
2021-12-22,0022100470,ORL,ATL
2021-12-22,0022100471,CLE,BOS
2021-12-22,0022100473,HOU,MIL
2021-12-22,0022100474,DEN,OKC
2021-12-22,0022100475,LAC,SAC
2021-12-23,0022100476,HOU,IND
2021-12-23,0022100477,NOP,ORL
2021-12-23,0022100478,ATL,PHI
2021-12-23,0022100479,DET,MIA
2021-12-23,0022100480,WAS,NYK
2021-12-23,0022100481,MIL,DAL
2021-12-23,0022100482,CHA,DEN
2021-12-23,0022100483,OKC,PHX
2021-12-23,0022100484,MIN,UTA
2021-12-23,0022100485,MEM,GSW
2021-12-23,0022100487,SAS,LAL
2021-12-25,0022100488,ATL,NYK
2021-12-25,0022100489,BOS,MIL
2021-12-25,0022100490,GSW,PHX
2021-12-25,0022100491,BKN,LAL
2021-12-25,0022100492,DAL,UTA
2021-12-26,0022100493,ORL,MIA
2021-12-26,0022100494,TOR,CLE
2021-12-26,0022100495,PHI,WAS
2021-12-26,0022100496,MEM,SAC
2021-12-26,0022100497,NOP,OKC
2021-12-26,0022100498,DET,SAS
2021-12-26,0022100499,IND,CHI
2021-12-26,0022100500,DEN,LAC
2021-12-27,0022100501,HOU,CHA
2021-12-27,0022100502,CHI,ATL
2021-12-27,0022100503,BOS,MIN
2021-12-27,0022100504,UTA,SAS
2021-12-27,0022100505,MEM,PHX
2021-12-27,0022100506,DAL,POR
2021-12-27,0022100507,BKN,LAC
2021-12-28,0022100508,MIL,ORL
2021-12-28,0022100509,WAS,MIA
2021-12-28,0022100510,PHI,TOR
2021-12-28,0022100511,LAL,HOU
2021-12-28,0022100512,NYK,MIN
2021-12-28,0022100513,CLE,NOP
2021-12-28,0022100514,DEN,GSW
2021-12-28,0022100515,OKC,SAC
2021-12-29,0022100516,NYK,DET
2021-12-29,0022100517,CHA,IND
2021-12-29,0022100518,LAC,BOS
2021-12-29,0022100519,ATL,CHI
2021-12-29,0022100520,LAL,MEM
2021-12-29,0022100522,OKC,PHX
2021-12-29,0022100523,UTA,POR
2021-12-29,0022100524,DAL,SAC
2021-12-30,0022100525,PHI,BKN
2021-12-30,0022100526,MIL,ORL
2021-12-30,0022100527,CLE,WAS
2021-12-31,0022100529,PHX,BOS
2021-12-31,0022100530,CHI,IND
2021-12-31,0022100531,DAL,SAC
2021-12-31,0022100532,MIA,HOU
2021-12-31,0022100533,ATL,CLE
2021-12-31,0022100534,LAC,TOR
2021-12-31,0022100535,SAS,MEM
2021-12-31,0022100536,NYK,OKC
2021-12-31,0022100537,MIN,UTA
2021-12-31,0022100538,POR,LAL
