PLAYER_ID,PLAYER_NAME,PLAYER_POSITION,TEAM_ID,TEAM_ABBREVIATION,GP,MIN,FAN_DUEL_PTS,NBA_FANTASY_PTS,PTS,REB,AST,BLK,STL,TOV,FG3M,FGA,FG_PCT,FTA,FT_PCT
2544,LeBron James,F,1610612747,LAL,14,36.1,55.8,58.6,32.8,9.0,5.9,1.29,1.5,2.3,3.1,22.7,0.535,7.1,0.75
203507,Giannis Antetokounmpo,F,1610612749,MIL,12,32.5,55.0,57.1,31.9,10.6,6.8,1.25,0.83,3.9,1.2,19.8,0.54,12.1,0.779
203999,Nikola Jokic,C,1610612743,DEN,14,33.4,54.8,57.1,25.3,14.8,7.4,0.93,1.43,4.0,1.3,18.1,0.534,5.6,0.846
203954,Joel Embiid,C-F,1610612755,PHI,13,31.6,51.9,54.2,32.5,10.2,3.8,1.38,0.92,3.2,1.3,19.3,0.554,11.8,0.837
201935,James Harden,G,1610612755,PHI,13,38.5,51.8,53.9,26.1,8.2,10.8,0.85,1.23,4.4,2.2,18.0,0.436,9.9,0.829
1627749,Dejounte Murray,G,1610612759,SAS,10,34.1,49.4,52.0,22.2,8.2,9.7,0.5,2.1,2.4,1.4,20.3,0.463,2.6,0.769
1629029,Luka Doncic,F-G,1610612742,DAL,10,35.4,49.3,51.0,24.3,10.4,9.2,0.3,1.4,4.7,1.5,20.1,0.403,8.0,0.825
1629027,Trae Young,G,1610612737,ATL,11,36.3,46.8,47.7,29.5,3.8,10.0,0.09,0.82,4.2,3.0,20.6,0.445,8.7,0.938
1627783,Pascal Siakam,F,1610612761,TOR,12,39.4,46.7,49.2,23.6,9.3,6.6,0.58,2.0,3.2,1.2,18.7,0.478,6.6,0.696
201142,Kevin Durant,F,1610612751,BKN,9,34.9,45.8,48.3,27.8,6.0,5.4,1.22,1.22,2.2,1.9,19.2,0.509,6.9,0.919
1627734,Domantas Sabonis,F-C,1610612758,SAC,13,36.7,44.6,46.0,20.5,12.0,6.5,0.62,0.77,2.9,0.9,13.0,0.55,7.4,0.719
1626157,Karl-Anthony Towns,C-F,1610612750,MIN,9,35.2,44.5,47.1,24.0,10.0,4.6,1.44,1.11,3.4,1.7,15.8,0.563,6.0,0.759
203078,Bradley Beal,G,1610612764,WAS,8,36.1,44.3,46.1,25.0,4.8,8.5,0.63,1.13,2.6,2.1,19.5,0.442,6.5,0.865
1627832,Fred VanVleet,G,1610612761,TOR,11,38.7,44.1,46.1,26.3,4.1,7.1,0.27,1.73,1.7,5.2,20.6,0.41,4.9,0.852
1629630,Ja Morant,G,1610612763,MEM,14,32.7,43.3,44.6,26.1,6.0,7.0,0.57,0.79,3.2,1.5,19.4,0.496,6.7,0.787
203482,Kelly Olynyk,F-C,1610612765,DET,1,21.7,43.2,45.3,22.0,9.0,5.0,1.0,1.0,1.0,2.0,17.0,0.471,4.0,1.0
203497,Rudy Gobert,C,1610612762,UTA,10,34.0,42.1,45.4,17.2,15.1,1.3,2.4,0.9,1.8,0.0,9.0,0.689,7.2,0.667
202696,Nikola Vucevic,C,1610612741,CHI,14,33.1,41.4,44.0,17.6,12.3,3.5,1.36,1.29,1.6,1.5,15.8,0.484,0.9,0.923
1628983,Shai Gilgeous-Alexander,G,1610612760,OKC,13,34.6,41.3,43.4,24.2,5.0,6.5,1.0,1.08,2.8,0.9,19.2,0.428,8.1,0.848
1626164,Devin Booker,G,1610612756,PHX,15,34.6,41.2,42.6,27.2,5.8,4.4,0.4,1.0,2.3,3.0,21.5,0.435,6.3,0.874
1629636,Darius Garland,G,1610612739,CLE,11,36.0,41.0,42.3,21.5,4.4,9.9,0.09,1.18,3.1,2.3,18.2,0.455,2.8,0.935
1628378,Donovan Mitchell,G,1610612762,UTA,11,36.0,41.0,42.8,26.7,4.4,5.5,0.27,1.55,2.8,3.2,21.5,0.435,5.4,0.898
1627759,Jaylen Brown,G-F,1610612738,BOS,15,37.2,41.0,42.5,26.7,7.8,3.5,0.47,1.07,3.4,2.9,21.5,0.463,5.0,0.8
1628389,Bam Adebayo,C-F,1610612748,MIA,2,32.1,41.0,46.0,17.0,10.0,3.0,2.0,3.0,2.5,0.0,12.0,0.5,7.0,0.714
202331,Paul George,F,1610612746,LAC,1,32.2,40.7,46.8,17.0,4.0,6.0,1.0,5.0,2.0,3.0,18.0,0.333,2.0,1.0
1627747,Caris LeVert,G,1610612739,CLE,9,34.6,40.6,42.2,23.8,5.8,6.0,0.44,1.11,2.2,2.3,18.0,0.463,6.0,0.796
201939,Stephen Curry,G,1610612744,GSW,12,35.1,40.5,42.1,24.7,5.3,6.3,0.33,1.25,3.0,4.0,19.2,0.4,5.8,0.914
203081,Damian Lillard,G,1610612757,POR,4,36.2,40.3,41.1,28.8,3.5,5.8,0.25,0.5,2.8,3.8,19.3,0.429,10.3,0.829
1628398,Kyle Kuzma,F,1610612764,WAS,14,35.2,40.0,41.6,22.1,11.0,3.0,0.93,0.64,2.9,1.6,16.6,0.506,5.1,0.718
201937,Ricky Rubio,G,1610612754,IND,3,30.2,39.8,43.2,17.0,6.7,7.0,0.67,2.67,2.3,2.0,16.7,0.36,3.3,0.9
201950,Jrue Holiday,G,1610612749,MIL,9,33.0,39.7,42.6,20.2,5.2,7.1,0.89,2.0,3.2,2.1,13.9,0.544,3.8,0.794
204001,Kristaps Porzingis,F-C,1610612764,WAS,8,31.9,39.7,42.6,22.1,8.4,2.6,2.0,0.88,2.1,1.4,14.3,0.509,7.4,0.847
203994,Jusuf Nurkic,C,1610612757,POR,10,31.4,39.4,42.0,16.6,12.4,3.8,0.8,1.8,3.0,0.3,13.2,0.477,5.9,0.627
1628369,Jayson Tatum,F-G,1610612738,BOS,11,37.1,39.3,41.2,23.3,8.3,3.8,0.91,1.0,3.5,2.1,19.3,0.396,6.5,0.915
202710,Jimmy Butler,F,1610612748,MIA,9,32.1,38.6,40.5,19.6,5.8,6.9,0.67,1.22,2.0,0.6,14.3,0.434,7.0,0.937
1626179,Terry Rozier,G,1610612766,CHA,12,34.7,38.4,39.9,22.9,5.2,4.8,0.33,1.17,0.8,4.3,17.5,0.476,2.5,0.767
203114,Khris Middleton,F,1610612749,MIL,14,33.1,38.0,39.8,22.7,5.3,5.9,0.57,1.21,3.5,2.7,15.4,0.474,5.9,0.916
201942,DeMar DeRozan,G-F,1610612741,CHI,14,33.8,37.8,38.8,23.7,4.6,6.0,0.43,0.64,2.6,0.4,19.1,0.468,7.2,0.762
202681,Kyrie Irving,G,1610612751,BKN,5,34.4,36.9,38.5,22.0,5.0,5.4,0.4,1.2,2.4,1.8,18.8,0.5,1.4,1.0
203944,Julius Randle,F-C,1610612752,NYK,14,35.3,36.4,37.8,17.0,10.6,4.6,0.64,0.79,3.2,1.4,16.4,0.391,4.1,0.684
1628970,Miles Bridges,F,1610612766,CHA,10,34.9,36.3,38.1,20.7,7.3,3.0,0.9,0.9,1.3,2.0,15.9,0.509,3.3,0.758
101108,Chris Paul,G,1610612756,PHX,15,32.6,36.3,38.5,13.2,4.9,9.9,0.4,1.8,2.0,0.9,11.3,0.465,1.9,0.929
201566,Russell Westbrook,G,1610612747,LAL,14,32.5,36.0,37.2,16.4,8.6,6.8,0.21,1.0,3.4,0.8,16.1,0.387,4.6,0.692
1627742,Brandon Ingram,F,1610612740,NOP,12,32.0,36.0,36.7,20.7,5.8,5.9,0.25,0.5,2.1,1.3,17.2,0.432,5.7,0.809
203991,Clint Capela,C,1610612737,ATL,7,29.2,35.9,37.6,13.1,14.3,1.7,1.29,0.43,0.4,0.0,10.7,0.547,3.7,0.385
1629057,Robert Williams III,C-F,1610612738,BOS,12,32.4,35.9,39.9,11.3,11.2,3.1,3.0,1.0,1.3,0.0,6.6,0.759,1.5,0.833
1628976,Wendell Carter Jr.,C-F,1610612753,ORL,7,31.6,35.8,37.7,15.1,11.7,3.6,0.71,1.14,2.4,1.0,11.3,0.443,5.6,0.744
1630163,LaMelo Ball,G,1610612766,CHA,11,29.8,35.3,36.9,17.5,6.5,6.5,0.36,1.18,3.0,2.4,15.2,0.419,3.0,0.818
1626156,D'Angelo Russell,G,1610612750,MIN,10,32.2,35.3,36.7,19.0,2.7,8.8,0.3,1.1,2.9,3.3,14.8,0.453,2.7,0.852
1630169,Tyrese Haliburton,G,1610612754,IND,13,34.9,35.1,37.1,16.0,3.4,9.1,0.54,1.38,2.4,2.5,11.4,0.486,2.8,0.861
1628404,Josh Hart,G,1610612757,POR,12,36.6,34.4,36.0,17.2,8.2,4.3,0.33,1.25,2.3,1.6,11.3,0.526,5.3,0.703
202685,Jonas Valanciunas,C,1610612740,NOP,11,31.7,34.1,35.0,17.0,12.3,2.3,0.64,0.27,2.8,0.9,12.2,0.515,4.3,0.83
1626174,Christian Wood,F,1610612745,HOU,14,29.0,33.6,35.4,18.6,8.5,1.9,0.71,1.07,1.7,1.9,12.5,0.52,5.5,0.675
1628386,Jarrett Allen,C,1610612739,CLE,11,32.9,33.5,35.7,15.1,11.3,1.5,1.45,0.73,1.8,0.0,9.3,0.676,4.0,0.636
1629639,Tyler Herro,G,1610612748,MIA,13,32.9,33.4,34.5,21.4,4.2,4.7,0.31,0.77,2.2,2.7,17.7,0.409,4.8,0.887
202699,Tobias Harris,F,1610612755,PHI,13,35.1,33.3,35.0,17.2,6.7,4.5,0.69,0.92,1.8,0.9,14.2,0.459,3.6,0.872
1630175,Cole Anthony,G,1610612753,ORL,9,31.5,33.3,34.4,15.6,6.4,6.7,0.33,0.78,2.2,1.6,14.7,0.348,4.8,0.791
1630162,Anthony Edwards,G,1610612750,MIN,11,33.1,33.1,35.1,22.3,3.7,3.5,0.55,1.36,2.7,3.6,17.2,0.466,3.1,0.853
1629014,Anfernee Simons,G,1610612757,POR,11,35.1,33.0,33.8,20.9,2.6,6.5,0.18,0.64,2.4,3.6,15.9,0.457,3.0,0.909
203915,Spencer Dinwiddie,G,1610612742,DAL,10,33.2,32.8,33.8,17.2,3.1,7.6,0.1,0.9,1.5,1.9,12.3,0.439,5.8,0.776
1628368,De'Aaron Fox,G,1610612758,SAC,14,34.0,32.8,33.9,20.5,4.0,5.4,0.29,0.86,2.9,0.6,16.6,0.464,6.0,0.75
1628991,Jaren Jackson Jr.,F-C,1610612763,MEM,15,28.3,32.7,36.8,16.5,6.7,1.3,2.87,1.27,2.1,1.2,14.0,0.39,5.5,0.805
1630217,Desmond Bane,G,1610612763,MEM,13,31.8,32.6,34.7,20.6,4.5,2.8,0.62,1.46,1.8,3.4,16.2,0.476,2.2,0.828
1630209,Omer Yurtseven,C,1610612748,MIA,13,27.4,31.8,33.3,11.7,12.6,2.4,0.54,1.0,1.7,0.1,9.6,0.536,2.0,0.654
1630581,Josh Giddey,G,1610612760,OKC,12,32.3,31.8,33.2,12.5,8.1,6.6,0.25,1.17,3.1,1.5,12.1,0.421,1.1,0.769
1628973,Jalen Brunson,G,1610612742,DAL,17,33.4,31.8,33.2,17.5,3.7,6.1,0.06,1.29,1.9,0.9,14.3,0.51,2.4,0.805
1628401,Derrick White,G,1610612738,BOS,10,28.2,31.7,34.0,15.7,2.6,7.0,1.4,0.9,2.2,1.7,11.0,0.473,4.3,0.837
1630596,Evan Mobley,C,1610612739,CLE,13,35.3,31.7,33.7,17.4,6.9,2.8,1.46,0.54,2.2,0.2,13.3,0.572,3.4,0.591
203897,Zach LaVine,G-F,1610612741,CHI,11,31.2,31.5,32.7,22.3,3.5,4.0,0.36,0.82,3.3,3.0,15.7,0.497,3.8,0.952
1627751,Jakob Poeltl,C,1610612759,SAS,14,28.0,31.2,33.5,12.7,9.5,2.9,1.43,0.86,1.8,0.0,9.6,0.59,2.9,0.488
1629628,RJ Barrett,F-G,1610612752,NYK,14,33.9,31.1,32.1,20.1,5.7,3.1,0.36,0.64,2.5,2.0,16.9,0.436,5.4,0.632
1626181,Norman Powell,G,1610612746,LAC,7,37.1,30.9,32.7,20.9,3.6,2.3,0.57,1.29,1.4,2.3,15.6,0.413,7.0,0.816
200768,Kyle Lowry,G,1610612748,MIA,10,32.9,30.9,32.4,12.1,4.5,8.6,0.4,1.1,2.5,1.7,10.2,0.373,3.2,0.875
1629028,Deandre Ayton,C,1610612756,PHX,7,26.9,30.8,32.5,16.7,8.4,1.3,0.86,0.86,1.4,0.1,9.9,0.71,3.0,0.857
1628977,Hamidou Diallo,G,1610612765,DET,15,31.0,30.7,33.3,15.6,7.1,2.1,0.4,2.2,1.7,0.5,13.5,0.493,3.0,0.578
1628381,John Collins,F-C,1610612737,ATL,10,32.5,30.6,32.0,17.3,8.3,1.5,1.0,0.4,1.7,1.8,13.3,0.474,3.7,0.784
1630180,Saddiq Bey,F,1610612765,DET,15,36.4,30.3,31.2,18.9,6.4,2.4,0.2,0.67,1.6,3.3,15.3,0.404,3.7,0.891
202694,Marcus Morris Sr.,F,1610612746,LAC,11,31.7,29.8,30.6,19.0,5.5,2.6,0.45,0.36,1.4,2.1,15.1,0.428,4.3,0.936
1628366,Lonzo Ball,G,1610612741,CHI,6,30.3,29.7,32.0,12.0,5.5,5.5,0.33,2.0,1.8,3.3,8.8,0.453,1.0,0.667
1628384,OG Anunoby,F,1610612761,TOR,11,35.7,29.3,31.0,18.9,4.9,1.9,0.18,1.55,1.8,2.7,14.8,0.442,4.1,0.756
1626171,Bobby Portis,F,1610612749,MIL,13,29.0,28.8,30.0,14.6,9.9,0.9,0.77,0.46,1.6,2.0,11.6,0.503,1.2,0.75
202689,Kemba Walker,G,1610612752,NYK,7,32.4,28.7,29.0,15.9,5.3,5.0,0.0,0.29,1.6,2.7,13.4,0.383,3.4,0.833
201567,Kevin Love,F-C,1610612739,CLE,15,23.4,28.6,29.0,16.8,7.1,2.4,0.13,0.33,1.3,2.9,11.9,0.444,4.1,0.806
203552,Seth Curry,G,1610612751,BKN,12,35.3,28.3,29.4,14.3,4.3,6.0,0.33,0.75,2.3,2.6,11.5,0.471,0.9,0.909
201144,Mike Conley,G,1610612762,UTA,13,29.3,28.2,29.4,14.5,4.2,5.0,0.23,1.0,1.3,2.3,11.2,0.432,3.2,0.786
202330,Gordon Hayward,F,1610612766,CHA,12,31.8,27.8,29.6,15.0,4.4,3.5,0.25,1.5,1.3,1.8,11.9,0.497,1.8,0.773
1628449,Chris Boucher,F-C,1610612761,TOR,13,27.9,27.7,30.2,13.0,8.5,0.4,1.23,1.23,0.9,1.2,9.2,0.467,4.2,0.764
1626167,Myles Turner,C-F,1610612754,IND,12,29.0,27.6,31.1,12.7,6.2,1.2,2.58,0.92,1.3,0.8,10.0,0.5,2.5,0.767
1628370,Malik Monk,G,1610612747,LAL,12,31.4,27.6,29.2,17.5,3.8,2.5,1.0,0.58,1.3,3.1,12.1,0.524,2.0,0.875
1630532,Franz Wagner,F,1610612753,ORL,15,32.3,27.5,28.9,16.9,4.9,2.7,0.67,0.73,2.2,0.9,13.7,0.456,3.9,0.881
203935,Marcus Smart,G,1610612738,BOS,8,33.4,27.4,29.4,14.1,4.1,4.4,0.38,1.63,2.3,2.0,11.8,0.394,3.1,0.92
203496,Robert Covington,F,1610612746,LAC,10,32.9,27.4,31.1,11.0,7.5,1.0,1.4,2.3,1.5,2.2,8.8,0.409,1.9,0.842
1626168,Trey Lyles,F,1610612758,SAC,12,25.5,27.3,28.8,14.7,6.6,1.8,0.92,0.58,0.9,0.9,10.3,0.463,5.5,0.773
202711,Bojan Bogdanovic,F,1610612762,UTA,14,32.9,27.3,27.8,19.6,4.9,2.0,0.0,0.5,2.2,2.3,14.9,0.459,4.5,0.81
203952,Andrew Wiggins,F,1610612744,GSW,12,32.2,27.2,29.0,17.3,3.5,2.4,0.58,1.25,1.7,2.2,13.7,0.476,3.5,0.619
203468,CJ McCollum,G,1610612740,NOP,2,30.4,26.9,28.9,20.0,2.0,3.0,0.5,1.5,4.0,3.0,16.5,0.515,0.0,0.0
201976,Patrick Beverley,G,1610612750,MIN,10,25.1,26.8,29.4,8.7,4.6,5.7,0.9,1.7,1.2,1.2,8.2,0.329,3.1,0.677
1629645,Kevin Porter Jr.,G-F,1610612745,HOU,11,29.7,26.7,28.1,13.3,4.1,6.0,0.27,1.09,3.2,2.3,11.2,0.415,2.6,0.655
1630537,Chris Duarte,G,1610612754,IND,9,29.0,26.6,28.5,15.6,4.0,2.7,0.22,1.67,1.6,1.8,11.2,0.515,3.2,0.69
1626149,Montrezl Harrell,F-C,1610612766,CHA,7,22.1,26.6,27.6,15.1,5.9,2.0,0.71,0.29,0.6,0.0,8.4,0.695,4.6,0.75
1629020,Jarred Vanderbilt,F,1610612750,MIN,11,27.9,26.5,28.5,8.5,10.5,1.7,0.55,1.45,1.1,0.0,6.1,0.612,2.0,0.5
1630595,Cade Cunningham,G,1610612765,DET,11,30.3,26.3,27.5,14.8,3.7,5.3,0.36,0.82,3.3,1.9,13.5,0.409,2.2,0.833
203932,Aaron Gordon,F,1610612743,DEN,11,30.1,26.2,27.1,15.3,5.8,2.5,0.18,0.73,1.7,1.2,11.2,0.553,2.7,0.633
203500,Steven Adams,C,1610612763,MEM,11,25.9,26.0,27.5,6.0,10.3,3.8,0.73,0.82,1.2,0.0,4.9,0.519,2.3,0.4
1629632,Coby White,G,1610612741,CHI,14,31.7,26.0,27.3,16.6,2.7,3.3,0.36,0.93,1.4,2.9,11.7,0.512,2.1,0.862
1628374,Lauri Markkanen,F-C,1610612739,CLE,15,31.4,25.8,27.3,13.7,5.9,1.8,0.73,0.8,0.9,1.7,10.9,0.47,1.9,0.929
1626162,Kelly Oubre Jr.,F-G,1610612766,CHA,8,24.4,25.8,27.7,18.0,3.3,0.8,0.63,1.25,1.0,3.3,13.0,0.49,2.8,0.727
1630256,Jae'Sean Tate,F,1610612745,HOU,13,25.9,25.7,27.0,13.2,5.8,3.0,0.69,0.62,1.5,0.8,10.5,0.515,2.5,0.656
1629661,Cameron Johnson,F,1610612756,PHX,12,28.1,25.7,27.0,15.3,5.3,1.3,0.17,1.08,0.4,3.1,9.8,0.525,2.0,0.917
203471,Dennis Schroder,G,1610612745,HOU,11,29.7,25.7,26.7,14.3,3.5,4.6,0.09,0.91,1.6,1.6,11.0,0.471,3.2,0.714
202709,Cory Joseph,G,1610612765,DET,8,28.7,25.7,26.2,13.9,3.1,5.6,0.13,0.38,1.4,2.6,8.6,0.507,2.9,0.87
203110,Draymond Green,F,1610612744,GSW,5,27.2,25.6,29.4,4.6,4.8,7.2,2.2,1.6,3.2,0.6,4.8,0.417,0.0,0.0
1629651,Nic Claxton,F-C,1610612751,BKN,9,26.5,25.5,27.8,11.7,6.6,1.6,1.44,0.78,0.8,0.0,7.7,0.652,2.4,0.682
1630178,Tyrese Maxey,G,1610612755,PHI,9,35.7,25.5,26.4,15.3,3.3,3.2,0.33,0.56,0.4,2.0,12.9,0.44,2.3,0.857
1626204,Larry Nance Jr.,F-C,1610612740,NOP,6,30.1,25.4,27.1,10.0,6.0,3.5,0.17,1.5,0.3,1.0,7.7,0.5,1.5,0.889
1629634,Brandon Clarke,F,1610612763,MEM,14,21.3,25.4,27.2,12.8,6.2,1.4,1.29,0.57,0.6,0.2,7.9,0.694,2.3,0.688
1629631,De'Andre Hunter,F-G,1610612737,ATL,5,30.6,25.4,27.0,17.0,3.6,1.4,1.2,0.4,1.2,2.4,12.6,0.46,3.6,0.833
203490,Otto Porter Jr.,F,1610612744,GSW,12,24.5,25.3,27.5,9.2,6.1,3.1,0.42,1.83,0.3,1.4,8.0,0.469,0.6,0.429
1630529,Herbert Jones,F,1610612740,NOP,14,32.8,25.3,28.0,12.9,4.1,2.0,1.0,1.71,0.9,1.3,8.6,0.545,2.4,0.882
203115,Will Barton,G,1610612743,DEN,13,32.0,25.2,26.5,13.8,4.1,3.9,0.38,0.85,1.8,2.1,12.3,0.406,2.1,0.852
1629011,Mitchell Robinson,C-F,1610612752,NYK,15,26.8,25.2,27.1,11.1,9.5,0.1,1.27,0.6,1.2,0.0,5.9,0.83,2.9,0.455
1628989,Kevin Huerter,G-F,1610612737,ATL,9,33.0,24.8,25.9,13.7,4.1,3.6,0.33,0.78,1.3,1.7,12.3,0.432,1.8,0.75
1630591,Jalen Suggs,G,1610612753,ORL,4,25.3,24.8,25.8,13.0,6.0,4.3,0.0,1.0,3.8,0.5,10.8,0.512,2.8,0.545
202704,Reggie Jackson,G,1610612746,LAC,11,28.8,24.6,25.7,15.1,3.5,3.6,0.0,1.09,2.4,2.0,14.5,0.365,2.8,0.903
202326,DeMarcus Cousins,C,1610612743,DEN,8,19.6,24.6,26.1,12.8,6.5,1.0,0.75,0.75,0.5,1.0,9.0,0.528,2.9,0.783
1628964,Mo Bamba,C,1610612753,ORL,8,24.1,24.6,27.1,10.8,7.1,1.0,1.88,0.63,1.3,1.8,8.8,0.471,0.9,0.857
1628476,Derrick Walton Jr.,G,1610612765,DET,3,36.1,24.5,28.2,6.3,3.3,7.0,1.33,2.33,3.7,1.0,8.7,0.231,1.3,1.0
203903,Jordan Clarkson,G,1610612762,UTA,14,28.0,24.5,25.6,15.9,3.9,2.7,0.29,0.79,2.3,2.3,13.7,0.432,2.2,0.806
1630567,Scottie Barnes,F,1610612761,TOR,8,33.1,24.3,25.7,10.4,6.5,3.5,0.5,0.88,1.9,0.8,10.8,0.372,2.4,0.684
1628984,Devonte' Graham,G,1610612740,NOP,14,31.3,24.2,25.1,13.9,2.7,4.5,0.29,0.64,1.6,3.0,12.9,0.344,2.3,0.875
202692,Alec Burks,G,1610612752,NYK,16,28.9,24.1,25.7,11.3,5.1,3.1,0.19,1.38,1.0,1.7,9.1,0.37,3.4,0.836
1630168,Onyeka Okongwu,F-C,1610612737,ATL,11,25.6,24.1,26.8,9.8,6.7,1.3,2.0,0.73,1.2,0.0,5.4,0.746,2.7,0.667
1629599,Amir Coffey,G-F,1610612746,LAC,15,29.4,24.0,25.5,11.6,4.7,2.9,0.4,1.07,0.5,2.0,7.9,0.504,1.8,0.889
1629622,Max Strus,G-F,1610612748,MIA,10,28.9,23.8,24.5,15.5,4.2,1.9,0.5,0.2,1.0,3.8,11.7,0.462,1.0,0.9
203084,Harrison Barnes,F,1610612758,SAC,15,32.7,23.7,24.6,14.1,5.1,2.1,0.4,0.47,1.5,2.3,9.7,0.452,3.7,0.8
203992,Bogdan Bogdanovic,G,1610612737,ATL,8,30.0,23.7,24.8,13.1,4.3,2.9,0.25,0.88,1.1,2.4,12.8,0.343,2.6,0.762
201143,Al Horford,C-F,1610612738,BOS,13,28.0,23.6,25.0,8.3,6.7,3.8,0.92,0.46,1.2,1.1,7.6,0.434,0.7,0.889
1628997,Caleb Martin,F,1610612748,MIA,12,29.6,23.6,25.3,13.3,5.7,1.0,0.5,1.17,1.3,1.3,9.5,0.553,1.7,0.85
202355,Hassan Whiteside,C,1610612762,UTA,8,20.3,23.4,25.0,10.9,7.5,0.5,1.25,0.38,0.5,0.0,6.4,0.667,3.8,0.633
1629652,Luguentz Dort,G,1610612760,OKC,13,32.0,23.2,24.3,15.2,4.2,1.3,0.38,0.77,1.4,2.2,14.2,0.348,3.5,0.891
202339,Eric Bledsoe,G,1610612757,POR,15,25.9,23.1,24.9,11.2,2.8,5.1,0.4,1.4,2.7,1.1,9.7,0.432,2.2,0.758
1626172,Kevon Looney,F,1610612744,GSW,14,23.8,23.0,24.5,6.6,9.1,2.5,0.64,0.86,1.2,0.0,5.2,0.534,1.4,0.737
1627826,Ivica Zubac,C,1610612746,LAC,11,24.0,22.8,23.8,9.9,8.1,1.5,0.73,0.27,1.1,0.0,6.1,0.701,1.6,0.833
2546,Carmelo Anthony,F,1610612747,LAL,11,25.4,22.8,24.8,12.5,4.7,1.1,1.18,0.73,0.8,1.8,10.3,0.442,2.2,0.75
201569,Eric Gordon,G,1610612745,HOU,13,28.9,22.7,23.4,15.4,2.4,3.0,0.23,0.46,1.4,2.5,9.5,0.553,3.0,0.795
203095,Evan Fournier,G-F,1610612752,NYK,14,30.0,22.7,23.8,15.0,3.1,2.1,0.29,0.79,1.2,3.2,13.0,0.412,1.6,0.682
1629640,Keldon Johnson,F-G,1610612759,SAS,12,30.2,22.7,23.2,14.4,5.8,1.3,0.08,0.33,1.4,2.3,12.3,0.419,2.1,0.88
1629642,Nassir Little,F-G,1610612757,POR,12,29.0,22.4,23.9,11.3,5.6,1.4,1.08,0.42,0.7,1.7,9.5,0.395,2.9,0.714
1627741,Buddy Hield,G,1610612754,IND,15,28.6,22.4,23.8,13.8,3.7,1.8,0.4,0.93,1.2,3.1,11.1,0.401,2.1,0.871
1629018,Gary Trent Jr.,G-F,1610612761,TOR,6,31.5,22.2,23.5,14.5,2.0,2.5,0.67,0.67,1.2,2.5,14.7,0.364,1.8,0.727
1628963,Marvin Bagley III,F,1610612765,DET,13,24.2,22.1,23.0,10.7,8.0,0.6,0.38,0.46,0.8,0.4,9.8,0.449,1.8,0.833
203082,Terrence Ross,G-F,1610612753,ORL,10,26.8,22.1,22.8,14.5,3.7,1.8,0.3,0.4,0.9,1.6,11.7,0.436,3.0,0.9
1628420,Monte Morris,G,1610612743,DEN,11,29.3,22.0,22.8,11.6,3.2,3.9,0.0,0.73,0.7,1.6,10.2,0.438,1.4,0.8
1630224,Jalen Green,G,1610612745,HOU,13,28.8,22.0,22.5,15.8,3.5,1.9,0.08,0.46,2.0,2.1,12.9,0.405,3.9,0.843
1627827,Dorian Finney-Smith,F,1610612742,DAL,16,31.7,22.0,23.3,11.3,5.1,2.1,0.56,0.75,1.1,2.0,9.4,0.44,1.4,0.727
1629655,Daniel Gafford,F-C,1610612764,WAS,14,22.7,21.9,23.6,9.9,6.4,1.1,1.43,0.29,0.7,0.0,5.4,0.776,2.0,0.75
203914,Gary Harris,G,1610612753,ORL,15,33.3,21.9,23.4,15.6,1.8,1.6,0.27,1.2,1.2,2.6,12.2,0.448,2.3,0.886
1629647,Darius Bazley,F,1610612760,OKC,10,23.0,21.9,23.4,10.3,6.7,1.1,1.1,0.4,1.1,0.7,8.4,0.452,2.4,0.833
200746,LaMarcus Aldridge,C-F,1610612751,BKN,6,21.3,21.9,23.2,12.8,5.3,0.7,1.0,0.33,1.0,0.2,9.5,0.579,1.7,1.0
1630170,Devin Vassell,G-F,1610612759,SAS,12,26.6,21.7,23.4,11.8,5.1,1.1,0.67,1.0,1.2,2.1,10.8,0.415,0.9,0.818
203484,Kentavious Caldwell-Pope,G,1610612764,WAS,11,31.2,21.7,23.1,13.0,4.1,2.0,0.55,0.82,1.9,2.3,11.4,0.416,1.5,0.875
1629216,Gabe Vincent,G,1610612748,MIA,8,28.1,21.7,23.7,11.3,2.4,3.4,0.5,1.5,1.5,2.3,9.9,0.418,0.9,0.857
203083,Andre Drummond,C,1610612751,BKN,10,16.0,21.6,24.0,7.1,7.3,1.8,0.7,1.7,1.8,0.0,5.0,0.62,2.0,0.45
1629669,Jaylen Nowell,G,1610612750,MIN,14,21.1,21.6,22.6,12.2,3.1,3.0,0.14,0.86,0.9,1.3,9.0,0.508,2.5,0.714
1629056,Terence Davis,G,1610612758,SAC,8,18.8,21.6,23.1,12.4,3.1,2.0,0.5,1.0,0.5,2.1,9.4,0.427,2.5,0.9
1630267,Facundo Campazzo,G,1610612743,DEN,14,25.2,21.6,23.6,7.4,2.7,5.7,0.71,1.29,1.6,1.1,6.8,0.347,2.1,0.767
1628969,Mikal Bridges,F,1610612756,PHX,15,33.6,21.4,22.9,11.5,4.2,2.0,0.4,1.07,1.0,1.5,9.9,0.459,1.1,0.824
1629629,Cam Reddish,F-G,1610612752,NYK,9,26.6,21.3,23.0,14.3,2.2,1.8,0.67,1.0,1.7,2.0,12.7,0.395,2.7,0.875
201988,Patty Mills,G,1610612751,BKN,13,32.7,21.3,22.5,13.0,2.2,2.7,0.46,0.77,0.9,3.4,10.3,0.433,0.8,0.9
202691,Klay Thompson,G,1610612744,GSW,6,21.4,21.2,22.2,14.7,2.8,2.0,0.33,0.67,1.8,2.2,14.3,0.372,1.8,1.0
200782,P.J. Tucker,F,1610612748,MIA,8,30.7,21.1,22.2,9.6,5.6,2.4,0.13,1.0,1.1,1.8,7.1,0.456,2.3,0.611
203501,Tim Hardaway Jr.,G-F,1610612742,DAL,11,26.3,21.1,22.2,13.5,3.3,1.9,0.18,0.82,1.1,2.4,11.5,0.405,2.4,0.769
1629643,Chuma Okeke,F,1610612753,ORL,10,25.4,20.9,23.5,8.0,5.0,1.3,0.4,2.2,0.3,1.9,8.5,0.341,0.4,0.75
1628415,Dillon Brooks,G-F,1610612763,MEM,3,22.0,20.8,23.5,11.0,1.7,2.3,0.67,2.0,1.0,0.7,11.7,0.429,0.3,1.0
1629611,Terance Mann,G-F,1610612746,LAC,15,31.1,20.6,21.2,11.2,4.8,2.3,0.2,0.4,1.1,1.2,9.1,0.5,1.5,0.609
1630598,Aaron Wiggins,G,1610612760,OKC,14,27.6,20.6,21.9,11.3,4.9,1.2,0.29,1.07,1.1,1.0,8.5,0.504,2.4,0.727
201568,Danilo Gallinari,F,1610612737,ATL,9,26.8,20.6,20.8,13.0,5.0,1.6,0.0,0.22,1.2,1.9,9.1,0.439,3.3,0.933
1627736,Malik Beasley,G,1610612750,MIN,15,28.7,20.6,21.0,14.7,3.2,1.4,0.0,0.4,0.8,3.7,13.6,0.397,0.3,0.75
203200,Justin Holiday,F-G,1610612758,SAC,15,30.5,20.5,21.9,12.7,2.9,1.9,0.4,1.0,1.2,3.1,10.1,0.424,1.2,0.833
203109,Jae Crowder,F,1610612756,PHX,9,29.3,20.5,22.5,8.7,5.3,1.6,0.44,1.56,0.9,2.1,7.7,0.391,0.7,0.833
201587,Nicolas Batum,G-F,1610612746,LAC,9,25.8,20.4,22.3,9.4,4.8,1.8,1.11,0.78,1.2,1.7,7.3,0.455,1.3,0.833
1629723,John Konchar,G,1610612763,MEM,9,24.1,20.4,21.7,7.0,7.0,1.8,0.44,0.89,0.3,1.1,5.0,0.556,0.6,0.6
1627780,Gary Payton II,G,1610612744,GSW,12,22.3,20.4,22.2,10.1,4.9,1.1,0.17,1.58,0.7,1.0,7.3,0.609,0.7,0.375
203486,Mason Plumlee,F-C,1610612766,CHA,12,24.5,20.4,21.8,6.5,6.8,2.7,0.5,0.92,1.2,0.0,4.3,0.706,1.7,0.3
1630549,Day'Ron Sharpe,F,1610612751,BKN,9,17.7,20.2,21.5,10.3,6.1,0.8,0.89,0.44,1.3,0.0,7.6,0.603,1.3,0.917
202687,Bismack Biyombo,C,1610612756,PHX,7,18.8,20.2,22.2,8.6,6.0,0.9,1.14,0.86,0.9,0.0,5.0,0.686,3.0,0.571
1630183,Jaden McDaniels,F,1610612750,MIN,15,27.0,20.2,21.8,10.7,4.6,1.4,1.0,0.67,1.5,0.9,9.7,0.441,1.4,0.857
203937,Kyle Anderson,F-G,1610612763,MEM,10,23.8,19.9,21.6,8.0,4.9,2.6,0.7,1.0,1.3,0.5,7.2,0.458,1.2,0.75
1630191,Isaiah Stewart,F-C,1610612765,DET,9,23.2,19.9,21.9,7.2,7.1,1.2,1.78,0.22,1.7,0.0,6.7,0.467,1.7,0.6
1626145,Tyus Jones,G,1610612763,MEM,14,20.4,19.6,20.4,9.1,2.9,4.1,0.0,0.79,0.8,0.9,7.6,0.491,0.8,1.0
1626220,Royce O'Neale,F,1610612762,UTA,14,33.2,19.6,21.1,6.9,5.3,2.6,0.36,1.14,0.5,1.4,4.8,0.507,0.8,0.818
1626166,Cameron Payne,G,1610612756,PHX,15,22.0,19.4,20.1,10.6,2.4,3.9,0.2,0.53,1.5,1.3,10.3,0.413,0.8,1.0
1628419,Cameron Oliver,F,1610612737,ATL,2,21.7,19.4,20.4,11.5,3.0,1.5,0.5,0.5,0.0,0.5,7.5,0.667,1.5,0.667
1630188,Jalen Smith,F-C,1610612754,IND,12,18.4,19.3,20.4,8.9,7.4,0.3,0.83,0.25,1.1,0.5,6.8,0.476,2.3,0.821
1630173,Precious Achiuwa,F,1610612761,TOR,11,23.9,19.3,21.0,7.2,7.1,0.9,0.91,0.73,1.0,0.1,6.9,0.434,1.6,0.667
1629673,Jordan Poole,G,1610612744,GSW,11,25.3,19.2,19.7,13.3,1.8,3.1,0.27,0.27,2.0,1.9,10.9,0.4,3.0,0.879
1629022,Lonnie Walker IV,G-F,1610612759,SAS,12,23.7,18.9,19.8,11.9,2.3,2.2,0.25,0.67,0.8,1.3,11.6,0.36,3.0,0.778
201145,Jeff Green,F,1610612743,DEN,11,24.4,18.9,19.7,12.4,3.2,1.5,0.36,0.45,1.1,0.9,8.8,0.567,2.0,0.727
1628391,D.J. Wilson,F,1610612761,TOR,3,15.9,18.9,20.9,8.0,4.7,1.3,0.33,1.67,0.7,0.0,3.7,0.727,3.3,0.8
200752,Rudy Gay,F-G,1610612762,UTA,11,21.1,18.9,20.2,9.8,4.5,1.1,0.36,0.91,0.5,1.3,7.8,0.43,1.9,0.952
1627788,Furkan Korkmaz,G-F,1610612755,PHI,13,26.0,18.8,19.4,10.3,3.8,2.2,0.0,0.62,0.7,1.3,8.7,0.425,1.9,0.84
1628021,David Nwaba,G-F,1610612745,HOU,10,19.5,18.8,20.8,7.2,5.3,1.1,1.1,0.9,0.4,0.6,5.8,0.448,1.8,0.778
1629023,P.J. Washington,F,1610612766,CHA,8,22.3,18.8,20.6,6.1,6.4,2.4,0.88,0.88,2.0,0.9,5.8,0.391,1.4,0.545
1629002,Chimezie Metu,F-C,1610612758,SAC,12,20.0,18.7,19.8,8.5,5.5,1.3,0.25,0.83,0.6,1.1,7.8,0.441,0.8,0.7
1629675,Naz Reid,C-F,1610612750,MIN,14,17.4,18.7,20.3,8.9,5.4,0.8,1.36,0.29,1.2,0.8,6.9,0.474,2.1,0.759
202328,Greg Monroe,F-C,1610612750,MIN,5,16.1,18.6,20.2,5.6,6.2,2.4,1.0,0.6,1.2,0.0,4.4,0.591,1.0,0.4
1630602,Chaundee Brown Jr.,F,1610612737,ATL,3,27.7,18.6,19.3,9.7,4.7,1.3,0.0,0.67,0.0,2.0,8.3,0.36,2.0,0.833
1630526,Jeremiah Robinson-Earl,F,1610612760,OKC,11,26.7,18.5,19.7,7.5,6.0,1.3,0.55,0.64,0.5,1.3,7.1,0.372,1.3,0.714
1629680,Matisse Thybulle,G-F,1610612755,PHI,8,29.7,18.4,21.5,6.4,3.3,1.3,1.13,2.0,0.0,0.6,5.1,0.537,0.6,0.4
1630245,Ayo Dosunmu,G,1610612741,CHI,14,27.4,18.4,19.9,9.4,2.9,2.7,0.71,0.79,1.4,1.1,5.9,0.627,1.5,0.571
1630193,Immanuel Quickley,G,1610612752,NYK,13,23.7,18.4,19.2,10.6,2.6,3.2,0.08,0.69,1.7,1.6,9.4,0.377,2.2,0.893
1629001,De'Anthony Melton,G,1610612763,MEM,9,17.8,18.3,20.1,6.9,4.8,2.4,0.33,1.44,1.6,0.9,7.8,0.3,1.9,0.706
1629670,Jordan Nwora,F,1610612749,MIL,10,23.4,18.2,19.2,10.3,4.5,0.8,0.2,0.8,0.7,2.1,9.4,0.436,0.2,0.0
1626153,Delon Wright,G,1610612737,ATL,12,24.8,18.2,19.8,7.4,3.1,3.3,0.25,1.33,0.9,1.2,5.2,0.516,1.1,0.846
1628966,Keita Bates-Diop,F,1610612759,SAS,14,23.0,18.1,18.9,9.0,5.7,1.0,0.29,0.5,0.9,0.6,6.8,0.526,1.7,0.708
1628402,Frank Jackson,G,1610612765,DET,4,26.5,18.1,19.3,10.5,2.3,1.8,0.5,0.75,0.3,1.8,10.8,0.349,1.8,0.714
1630166,Deni Avdija,F,1610612764,WAS,14,23.8,18.1,19.7,7.9,4.3,2.1,0.5,1.07,1.2,0.9,6.7,0.415,1.9,0.778
1629750,Javonte Green,G-F,1610612741,CHI,4,27.0,18.1,19.8,7.8,4.0,1.5,0.75,1.0,0.3,0.3,3.5,0.643,3.5,0.857
203458,Alex Len,C,1610612758,SAC,9,18.5,18.1,19.1,7.7,6.2,1.7,0.44,0.56,1.6,0.0,6.2,0.518,1.8,0.688
1629659,Talen Horton-Tucker,G,1610612747,LAL,14,25.7,17.8,18.7,10.6,2.7,2.5,0.43,0.5,1.6,0.6,9.3,0.438,2.4,0.735
1627854,Bryn Forbes,G,1610612743,DEN,11,22.7,17.8,18.4,11.7,2.5,1.6,0.09,0.55,0.6,2.1,10.4,0.377,2.0,0.909
1628467,Maxi Kleber,F,1610612742,DAL,11,26.8,17.6,18.9,7.2,5.5,1.5,0.91,0.45,1.2,1.9,6.7,0.365,0.5,0.8
203939,Dwight Powell,F-C,1610612742,DAL,17,21.8,17.6,18.2,9.8,4.6,1.2,0.12,0.47,0.6,0.3,5.1,0.701,3.2,0.741
1628379,Luke Kennard,G,1610612746,LAC,5,28.8,17.5,18.3,11.0,2.0,2.2,0.6,0.2,0.8,2.2,9.4,0.362,2.6,0.769
1626196,Josh Richardson,G,1610612759,SAS,12,26.8,17.4,19.2,9.0,2.5,2.0,0.58,1.17,1.1,1.3,8.1,0.392,1.4,0.941
1628470,Torrey Craig,F,1610612756,PHX,13,24.7,17.3,18.4,7.6,4.8,1.7,0.54,0.54,0.8,1.1,6.6,0.453,0.5,1.0
1630527,Brandon Boston Jr.,G,1610612746,LAC,11,22.0,17.3,18.0,9.3,4.0,1.7,0.27,0.45,0.8,0.8,9.9,0.339,2.0,0.864
1629130,Duncan Robinson,F,1610612748,MIA,11,24.3,17.2,17.8,12.1,2.4,1.2,0.09,0.45,0.5,3.3,9.8,0.417,0.6,1.0
1630231,Kenyon Martin Jr.,F,1610612745,HOU,13,21.7,17.2,18.3,7.9,4.6,1.7,0.85,0.31,1.2,0.8,7.1,0.424,1.6,0.714
1628960,Grayson Allen,G,1610612749,MIL,10,25.7,17.0,18.3,8.6,2.8,1.8,0.4,0.9,0.3,1.6,8.1,0.37,1.2,0.833
1629726,Garrison Mathews,G,1610612745,HOU,11,25.6,17.0,17.7,10.5,3.5,1.2,0.27,0.45,0.8,2.3,7.0,0.377,3.5,0.821
201586,Serge Ibaka,F,1610612749,MIL,15,16.7,17.0,18.3,8.2,4.9,1.2,1.07,0.27,1.5,0.9,6.4,0.531,0.6,0.778
1628372,Dennis Smith Jr.,G,1610612757,POR,10,18.3,16.9,18.3,6.7,2.5,3.6,0.4,1.0,1.0,0.1,6.8,0.397,1.8,0.667
203493,Reggie Bullock,G-F,1610612742,DAL,11,22.9,16.9,17.6,7.8,4.2,1.9,0.18,0.55,0.3,2.0,6.0,0.439,0.7,0.75
1630205,Lamar Stevens,F,1610612739,CLE,10,24.4,16.9,18.0,9.5,3.4,1.3,0.3,0.8,0.8,0.4,8.1,0.506,1.4,0.643
1630228,Jonathan Kuminga,F,1610612744,GSW,12,17.7,16.9,17.7,10.3,4.0,0.8,0.33,0.42,0.8,0.8,7.1,0.482,4.2,0.66
203473,Dewayne Dedmon,C,1610612748,MIA,7,15.4,16.8,18.2,7.0,6.6,0.4,1.0,0.43,1.6,0.1,4.1,0.655,1.9,0.769
1626195,Willy Hernangomez,C-F,1610612740,NOP,6,17.2,16.8,17.2,7.2,7.0,0.8,0.0,0.33,0.7,0.0,6.3,0.395,3.2,0.684
1628367,Josh Jackson,G-F,1610612758,SAC,11,20.6,16.8,17.8,10.2,3.4,0.9,0.36,0.64,0.8,1.1,9.4,0.427,1.5,0.75
201577,Robin Lopez,C,1610612753,ORL,9,19.7,16.6,17.1,8.7,3.4,2.7,0.44,0.11,1.3,0.1,6.7,0.583,1.3,0.583
2730,Dwight Howard,C-F,1610612747,LAL,10,15.0,16.6,17.8,6.3,5.9,0.9,0.6,0.6,0.5,0.0,3.6,0.639,2.6,0.654
1627936,Alex Caruso,G,1610612741,CHI,1,22.9,16.6,17.6,9.0,3.0,2.0,1.0,0.0,1.0,1.0,8.0,0.25,4.0,1.0
1630560,Cam Thomas,G,1610612751,BKN,10,22.4,16.5,17.4,10.9,3.4,0.7,0.0,0.9,1.3,0.8,9.0,0.511,1.2,0.75
1629021,Moritz Wagner,F-C,1610612753,ORL,10,13.6,16.5,17.5,10.6,2.3,1.2,0.5,0.5,0.7,1.0,7.1,0.549,2.2,0.818
1630181,R.J. Hampton,G,1610612753,ORL,13,21.5,16.4,17.9,6.5,3.2,2.8,0.31,1.15,1.0,0.7,7.2,0.351,1.2,0.625
200765,Rajon Rondo,G,1610612739,CLE,5,20.1,16.3,17.1,6.2,3.8,3.8,0.2,0.6,1.8,1.2,5.4,0.37,1.2,0.833
1626158,Richaun Holmes,F,1610612758,SAC,7,21.8,16.3,18.4,6.6,4.7,0.7,1.57,0.57,1.3,0.0,4.4,0.645,1.3,0.667
1628998,Cody Martin,F,1610612766,CHA,11,25.4,16.3,18.2,5.4,3.6,2.6,0.36,1.55,1.2,0.7,5.4,0.322,1.8,0.65
203463,Ben McLemore,G,1610612757,POR,11,23.0,16.2,17.0,11.5,1.6,1.2,0.36,0.45,0.7,2.7,10.2,0.375,1.5,0.765
1629026,Kenrich Williams,G-F,1610612760,OKC,10,19.8,16.2,17.2,6.6,4.8,1.8,0.0,1.0,0.9,0.6,6.2,0.468,0.5,0.4
1629052,Oshae Brissett,F-G,1610612754,IND,15,22.4,16.2,17.1,7.6,4.9,1.0,0.47,0.4,0.5,0.9,7.0,0.381,1.9,0.724
202688,Brandon Knight,G,1610612742,DAL,3,18.2,16.1,16.5,10.0,2.3,2.7,0.0,0.33,1.3,1.3,6.7,0.45,2.7,1.0
2738,Andre Iguodala,G-F,1610612744,GSW,9,21.1,16.1,18.1,3.7,3.3,3.9,1.0,1.0,1.4,0.4,3.9,0.343,0.7,0.833
1630578,Alperen Sengun,C,1610612745,HOU,8,16.5,16.0,17.2,7.9,3.9,2.1,1.13,0.13,2.3,0.3,5.8,0.543,2.3,0.611
1627745,Damian Jones,C,1610612758,SAC,11,19.7,16.0,16.5,7.8,5.6,1.2,0.36,0.18,1.5,0.0,5.5,0.567,2.3,0.72
1630557,Corey Kispert,F,1610612764,WAS,14,27.2,16.0,16.7,9.8,2.9,1.4,0.43,0.29,0.7,1.6,7.2,0.465,1.5,1.0
203926,Doug McDermott,F,1610612759,SAS,8,23.0,16.0,16.2,12.1,3.0,0.9,0.0,0.13,1.3,2.6,9.4,0.453,1.6,0.615
1629637,Jaxson Hayes,C-F,1610612740,NOP,13,17.5,16.0,17.3,8.7,3.8,0.5,0.92,0.38,0.6,0.1,4.6,0.683,3.2,0.732
201580,JaVale McGee,C-F,1610612756,PHX,11,16.8,15.9,16.9,7.9,5.4,0.6,0.82,0.18,1.4,0.0,4.9,0.648,2.4,0.654
1626159,Justise Winslow,F-G,1610612757,POR,10,15.3,15.7,17.0,5.8,4.8,1.5,0.6,0.7,0.7,0.0,5.1,0.471,1.7,0.588
1629638,Nickeil Alexander-Walker,G,1610612762,UTA,11,21.6,15.7,16.2,10.4,2.1,2.4,0.18,0.36,1.8,1.7,9.8,0.398,1.4,0.6
1627763,Malcolm Brogdon,G,1610612754,IND,3,17.1,15.7,16.1,8.7,2.0,3.3,0.0,0.33,1.0,0.0,7.7,0.435,2.3,0.857
1630556,Kessler Edwards,F,1610612751,BKN,8,24.8,15.6,17.3,7.6,3.5,0.8,0.75,1.0,0.9,1.5,6.5,0.462,0.1,1.0
204060,Joe Ingles,F-G,1610612757,POR,10,25.2,15.6,16.4,6.8,2.5,3.6,0.1,0.7,1.2,1.4,6.8,0.368,0.5,0.8
1630240,Saben Lee,G,1610612765,DET,11,16.8,15.5,17.0,5.7,2.9,3.0,0.64,0.82,1.1,0.5,4.6,0.392,2.0,0.818
203457,Nerlens Noel,C-F,1610612752,NYK,2,22.3,15.4,18.4,3.0,4.5,1.0,2.0,1.0,0.5,0.0,2.0,0.5,1.0,1.0
1628971,Bruce Brown,G-F,1610612751,BKN,11,19.9,15.3,16.9,5.9,4.5,1.3,0.64,0.91,0.9,0.2,4.6,0.529,1.1,0.75
1629667,Jalen McDaniels,F-C,1610612766,CHA,12,20.5,15.3,16.4,7.7,3.3,1.5,0.5,0.67,1.0,0.6,7.1,0.447,1.0,0.75
1630165,Killian Hayes,G,1610612765,DET,9,24.4,15.3,16.9,5.6,2.2,3.4,0.33,1.33,1.4,0.6,6.3,0.351,0.9,0.625
1630202,Payton Pritchard,G,1610612738,BOS,11,20.5,15.3,15.7,8.3,3.0,2.4,0.09,0.27,0.8,1.8,7.9,0.391,0.3,1.0
1630528,Josh Christopher,G,1610612745,HOU,15,20.3,15.3,16.6,8.2,2.9,1.9,0.2,1.13,1.9,0.7,7.4,0.414,1.7,0.84
1630538,Bones Hyland,G,1610612743,DEN,13,19.4,15.2,15.8,8.4,3.5,1.8,0.31,0.23,1.2,1.8,9.2,0.325,0.7,0.778
1626192,Pat Connaughton,G,1610612749,MIL,12,23.8,15.2,16.1,6.7,4.3,1.4,0.17,0.67,0.3,1.7,5.7,0.426,0.2,1.0
1627761,DeAndre' Bembry,G-F,1610612749,MIL,12,19.6,15.1,17.2,5.8,2.8,1.5,0.67,1.42,0.5,0.3,4.1,0.612,0.5,1.0
203585,Rodney McGruder,G,1610612765,DET,6,20.0,15.0,15.8,8.7,2.8,1.2,0.0,0.83,0.5,1.7,6.5,0.513,0.7,0.5
1630613,Duane Washington Jr.,G,1610612754,IND,11,24.2,14.9,15.6,9.5,1.8,2.2,0.09,0.64,1.5,1.5,9.6,0.349,1.7,0.737
1630558,Davion Mitchell,G,1610612758,SAC,12,22.2,14.9,16.1,7.8,1.7,2.3,0.5,0.67,0.8,1.0,8.7,0.385,0.6,0.286
202340,Avery Bradley,G,1610612747,LAL,11,25.7,14.9,16.1,8.9,2.2,1.0,0.18,1.0,0.5,1.5,7.6,0.44,0.8,0.889
1629164,Brandon Goodwin,G,1610612739,CLE,8,15.9,14.8,15.8,5.6,2.3,3.5,0.0,1.0,0.8,0.5,5.8,0.413,1.3,0.3
1629660,Ty Jerome,G-F,1610612760,OKC,13,18.8,14.8,15.4,8.1,2.2,2.5,0.0,0.62,0.8,1.2,8.0,0.404,0.5,0.714
1626224,Cedi Osman,F,1610612739,CLE,9,24.5,14.7,15.5,8.8,2.4,1.2,0.0,0.89,0.7,1.1,9.0,0.358,2.1,0.579
1630200,Tre Jones,G,1610612759,SAS,8,17.6,14.7,15.2,6.3,2.5,3.4,0.0,0.5,0.6,0.1,5.3,0.5,1.0,0.875
1629111,Jock Landale,C,1610612759,SAS,14,16.1,14.5,15.4,6.8,3.8,1.8,0.57,0.29,1.2,0.8,5.3,0.473,1.1,0.875
1628988,Aaron Holiday,G,1610612756,PHX,5,16.8,14.4,15.0,7.2,2.0,2.8,0.0,0.6,0.6,1.2,5.6,0.5,0.4,1.0
203488,Mike Muscala,F-C,1610612760,OKC,14,12.6,14.4,15.8,8.0,2.6,0.4,0.79,0.64,0.2,1.7,5.9,0.482,0.6,1.0
1627756,Denzel Valentine,G,1610612762,UTA,5,19.0,14.4,15.0,7.2,4.4,1.0,0.0,0.6,0.8,2.0,5.0,0.52,0.0,0.0
1626208,Keifer Sykes,G,1610612754,IND,11,22.2,14.3,14.9,7.8,2.3,2.6,0.09,0.45,1.3,1.1,7.3,0.413,0.8,0.889
1630568,Luka Garza,C,1610612765,DET,10,16.7,14.3,14.8,7.3,4.7,0.8,0.3,0.2,0.8,0.6,6.2,0.419,2.4,0.625
202357,Nemanja Bjelica,F,1610612744,GSW,14,16.4,14.2,15.0,6.1,4.4,1.5,0.36,0.43,1.1,0.7,5.6,0.41,1.2,0.706
203210,JaMychal Green,F-C,1610612743,DEN,10,16.3,14.1,14.9,6.6,4.6,0.7,0.4,0.4,0.7,0.6,4.0,0.525,1.9,0.947
1628464,Daniel Theis,F-C,1610612738,BOS,6,21.2,14.0,15.0,6.8,4.3,0.7,0.67,0.33,1.0,0.8,7.0,0.381,1.5,0.444
201588,George Hill,G,1610612749,MIL,11,24.0,14.0,14.8,5.5,2.7,2.5,0.18,0.64,0.3,0.9,5.0,0.4,0.6,1.0
1627777,Georges Niang,F,1610612755,PHI,12,21.1,14.0,14.3,8.3,3.1,1.2,0.0,0.33,0.5,2.1,6.4,0.429,0.8,0.9
1629676,Isaiah Roby,F,1610612760,OKC,5,16.4,13.9,14.3,7.6,4.8,0.6,0.2,0.2,1.2,1.2,4.4,0.682,0.8,0.5
1627814,Damion Lee,G-F,1610612744,GSW,9,18.8,13.9,15.0,7.1,3.2,0.9,0.11,1.0,0.7,0.9,5.2,0.489,1.3,0.833
203476,Gorgui Dieng,C,1610612737,ATL,8,14.1,13.9,14.6,6.3,3.5,1.6,0.5,0.25,0.5,1.3,4.4,0.486,0.9,0.857
203087,Jeremy Lamb,G-F,1610612758,SAC,7,17.9,13.8,14.9,8.0,2.1,1.3,0.43,0.71,1.0,1.0,6.7,0.383,2.4,0.765
203107,Tomas Satoransky,G,1610612764,WAS,5,14.9,13.7,15.1,3.8,2.0,3.8,0.2,1.2,1.0,0.4,4.2,0.286,1.4,0.714
101150,Lou Williams,G,1610612737,ATL,6,17.3,13.6,14.0,6.5,1.8,3.2,0.0,0.33,0.5,0.8,5.8,0.286,2.3,1.0
1629604,CJ Elleby,F-G,1610612757,POR,10,17.5,13.6,14.8,6.0,3.0,1.3,0.1,1.1,0.4,0.8,5.1,0.392,1.4,0.857
202362,Lance Stephenson,F,1610612754,IND,16,16.3,13.6,14.1,6.2,2.5,3.1,0.0,0.5,1.3,0.6,5.9,0.421,0.8,0.769
1628972,Troy Brown Jr.,G-F,1610612741,CHI,14,19.2,13.4,14.6,4.7,3.6,1.7,0.14,1.0,0.4,0.8,3.9,0.436,0.6,0.875
1629656,Quentin Grimes,G,1610612752,NYK,14,20.7,13.3,14.5,6.9,2.0,1.6,0.21,0.93,0.6,1.7,6.0,0.405,0.5,0.571
1630544,Tre Mann,G,1610612760,OKC,10,19.8,13.3,14.0,6.7,3.0,1.5,0.1,0.6,0.7,0.9,7.4,0.351,1.0,0.6
1626169,Stanley Johnson,F-G,1610612747,LAL,11,20.4,13.2,14.4,6.2,2.5,1.4,0.36,0.82,0.5,0.6,4.5,0.51,1.2,0.846
1629657,Kyle Guy,G,1610612748,MIA,7,17.2,13.2,13.9,7.7,1.4,2.1,0.14,0.57,0.9,1.4,6.1,0.465,0.7,0.8
201959,Taj Gibson,F,1610612752,NYK,15,19.6,13.1,14.3,4.2,4.9,0.8,0.73,0.47,0.5,0.2,2.9,0.581,1.1,0.625
202083,Wesley Matthews,G,1610612749,MIL,15,22.7,13.1,13.9,7.7,2.4,0.9,0.27,0.53,0.4,1.8,6.1,0.473,0.3,0.75
1630533,Ziaire Williams,F,1610612763,MEM,9,23.9,13.1,13.7,9.0,1.4,1.2,0.0,0.56,0.6,1.2,7.9,0.437,0.9,1.0
1628778,Paul Watson,G,1610612760,OKC,4,19.5,13.1,13.6,6.0,3.8,1.3,0.0,0.5,0.3,1.0,5.0,0.5,0.0,0.0
203469,Cody Zeller,F-C,1610612757,POR,3,12.0,13.0,13.3,6.0,5.0,0.7,0.0,0.33,0.7,0.0,4.7,0.571,0.7,1.0
202397,Ish Smith,G,1610612764,WAS,8,14.2,12.9,14.0,4.5,1.8,3.5,0.25,0.88,1.3,0.4,4.4,0.343,1.4,0.818
1628978,Donte DiVincenzo,G,1610612758,SAC,8,17.9,12.9,13.9,5.1,4.6,1.3,0.38,0.63,1.6,1.1,6.5,0.192,1.6,0.923
1628411,Wes Iwundu,F,1610612737,ATL,3,27.4,12.9,13.2,7.3,4.3,0.0,0.0,0.33,0.3,1.0,6.0,0.444,1.3,0.75
1629755,Hassani Gravett,G,1610612753,ORL,6,20.4,12.8,13.5,6.2,2.3,2.3,0.17,0.5,1.0,1.3,4.7,0.5,0.3,0.5
1630787,Cameron McGriff,F,1610612757,POR,3,15.3,12.8,13.2,4.7,5.0,1.0,0.33,0.0,0.0,0.7,4.7,0.357,0.7,1.0
1629717,Armoni Brooks,G,1610612761,TOR,9,21.7,12.8,13.2,7.2,2.9,1.3,0.11,0.33,0.8,2.0,7.6,0.324,0.4,0.75
1629644,KZ Okpala,F-G,1610612748,MIA,3,16.8,12.7,13.0,8.3,1.7,1.3,0.33,0.0,0.3,1.0,5.3,0.688,0.3,0.0
1629308,Juan Toscano-Anderson,F,1610612744,GSW,13,15.5,12.7,14.1,5.0,2.8,1.8,0.23,1.15,1.2,0.5,4.1,0.453,1.5,0.5
1628392,Isaiah Hartenstein,C-F,1610612746,LAC,3,11.0,12.7,14.1,6.3,1.3,1.7,0.67,0.67,0.3,0.0,4.0,0.667,1.3,0.75
1629672,Eric Paschall,F,1610612762,UTA,8,14.9,12.7,12.9,9.4,2.0,0.5,0.13,0.13,0.4,0.6,5.6,0.6,2.6,0.762
1630171,Isaac Okoro,F-G,1610612739,CLE,8,25.8,12.6,13.4,8.1,1.0,1.9,0.25,0.5,1.0,0.5,5.4,0.488,3.5,0.679
1630177,Theo Maledon,G,1610612760,OKC,6,18.8,12.5,13.4,7.0,2.2,1.2,0.0,0.83,0.5,0.8,5.7,0.353,2.5,0.867
203526,Raul Neto,G,1610612764,WAS,8,21.4,12.5,12.8,6.6,2.0,2.9,0.0,0.38,1.6,0.3,6.3,0.42,1.3,0.9
1629684,Grant Williams,F,1610612738,BOS,13,23.7,12.5,14.0,6.1,2.5,0.8,0.77,0.77,1.0,1.2,5.0,0.415,0.8,0.909
1629605,Tacko Fall,C,1610612739,CLE,3,11.4,12.5,13.9,2.3,6.0,0.7,1.33,0.0,0.7,0.0,2.3,0.429,0.7,0.5
202066,Garrett Temple,G-F,1610612740,NOP,14,21.5,12.4,13.0,6.6,2.3,1.6,0.14,0.5,0.6,1.4,6.2,0.402,0.4,0.5
1630233,Nathan Knight,F-C,1610612750,MIN,10,13.6,12.4,13.2,5.2,4.0,1.1,0.5,0.3,0.9,0.2,3.7,0.486,2.2,0.636
1630182,Josh Green,G,1610612742,DAL,14,17.8,12.3,13.2,5.9,2.3,1.7,0.21,0.64,0.6,0.3,4.5,0.524,1.2,0.765
203085,Austin Rivers,G,1610612743,DEN,12,24.7,12.2,12.7,7.8,2.1,1.4,0.0,0.5,1.2,1.8,6.8,0.39,1.0,0.667
1628396,Tony Bradley,C-F,1610612741,CHI,8,12.3,12.1,13.5,4.0,4.0,0.6,1.13,0.25,0.4,0.0,2.9,0.565,1.0,0.75
1629641,Romeo Langford,G-F,1610612759,SAS,11,17.6,12.1,13.9,5.4,2.2,0.5,0.73,1.09,0.2,0.5,4.5,0.46,1.2,0.538
200794,Paul Millsap,F,1610612755,PHI,3,11.7,12.0,13.3,3.3,4.0,1.0,1.33,0.0,0.3,0.0,3.0,0.556,0.0,0.0
1628418,Thomas Bryant,C-F,1610612764,WAS,4,12.7,12.0,12.3,6.8,3.3,0.8,0.25,0.0,0.3,0.5,5.3,0.524,1.5,0.5
1629060,Rui Hachimura,F,1610612764,WAS,6,14.8,12.0,12.4,7.7,3.0,0.5,0.17,0.17,0.7,0.7,6.2,0.405,2.7,0.75
1630559,Austin Reaves,G,1610612747,LAL,9,23.5,12.0,12.4,6.7,2.7,1.1,0.11,0.33,0.4,0.7,5.0,0.489,1.3,0.833
201933,Blake Griffin,F,1610612751,BKN,12,12.7,11.9,12.4,4.4,3.4,1.8,0.0,0.42,0.2,0.3,4.0,0.375,1.5,0.722
1630199,Cassius Stanley,G,1610612765,DET,7,20.3,11.8,12.8,6.9,2.4,0.6,0.29,0.71,0.9,0.6,6.0,0.405,1.4,1.0
1630219,Skylar Mays,G,1610612737,ATL,10,16.5,11.8,12.5,6.3,2.1,1.3,0.0,0.7,0.4,0.7,5.4,0.5,0.2,1.0
202722,Davis Bertans,F,1610612742,DAL,9,14.5,11.7,12.4,7.4,2.2,0.6,0.33,0.33,0.6,2.1,5.7,0.412,0.7,1.0
1629617,Reggie Perry,F-C,1610612757,POR,2,20.4,11.7,12.2,5.5,3.5,1.0,0.0,0.5,0.5,0.5,4.5,0.444,1.0,1.0
201599,DeAndre Jordan,C,1610612755,PHI,4,10.4,11.5,12.5,2.5,4.3,1.3,0.5,0.5,0.0,0.0,1.8,0.571,1.0,0.5
1629681,Killian Tillie,F-C,1610612763,MEM,9,18.2,11.5,13.2,3.8,3.0,0.8,0.56,1.11,0.3,0.8,4.7,0.286,0.4,0.75
1628427,Vlatko Cancar,F,1610612743,DEN,5,15.4,11.5,11.9,6.6,2.8,1.0,0.4,0.0,0.8,0.6,4.0,0.65,1.2,0.667
1627737,Marquese Chriss,F,1610612742,DAL,13,11.3,11.4,11.9,6.5,3.7,0.3,0.31,0.15,0.8,0.5,4.3,0.607,1.2,0.625
1628425,Sterling Brown,G-F,1610612742,DAL,15,15.8,11.4,11.6,5.1,3.9,0.9,0.13,0.13,0.3,1.0,3.9,0.475,0.5,0.857
203920,Khem Birch,C,1610612761,TOR,8,17.3,11.4,12.4,3.6,4.3,1.0,0.5,0.5,0.9,0.0,2.9,0.478,1.1,0.778
1629875,Xavier Moon,G,1610612746,LAC,6,13.9,11.3,12.3,5.5,1.5,1.7,0.17,0.83,0.5,0.5,5.7,0.412,0.5,0.667
1630631,Jose Alvarado,G,1610612740,NOP,10,12.5,11.3,12.8,4.2,1.3,1.9,0.1,1.4,0.3,0.5,4.2,0.357,1.1,0.636
1629752,Juwan Morgan,F,1610612738,BOS,1,27.4,11.3,11.3,5.0,4.0,1.0,0.0,0.0,0.0,1.0,3.0,0.667,0.0,0.0
1629719,Devontae Cacok,F,1610612759,SAS,6,9.3,11.2,12.7,4.3,3.2,0.2,0.83,0.67,0.2,0.0,3.3,0.65,0.0,0.0
1630190,Elijah Hughes,G,1610612757,POR,4,11.2,11.2,11.7,7.0,2.0,1.0,0.0,0.5,0.8,1.8,4.3,0.588,0.3,1.0
1630563,Joshua Primo,G,1610612759,SAS,12,17.5,11.1,12.0,5.5,2.1,1.8,0.5,0.42,1.5,0.8,5.5,0.348,1.0,0.833
1628432,Davon Reed,G,1610612743,DEN,12,16.6,11.1,11.8,5.0,2.5,1.2,0.17,0.58,0.2,0.8,3.9,0.511,0.3,0.667
1630192,Zeke Nnaji,F-C,1610612743,DEN,10,15.3,11.0,11.5,5.6,3.8,0.0,0.2,0.3,0.2,0.5,4.6,0.478,1.5,0.467
1630167,Obi Toppin,F,1610612752,NYK,15,15.9,11.0,11.4,5.3,3.2,1.1,0.2,0.2,0.5,0.3,3.9,0.508,1.5,0.727
201571,D.J. Augustin,G,1610612747,LAL,6,16.7,11.0,11.2,7.2,2.0,1.5,0.0,0.17,1.2,1.7,5.2,0.387,1.8,0.818
1629048,Goga Bitadze,C-F,1610612754,IND,8,10.9,11.0,11.7,5.6,2.8,0.9,0.75,0.0,0.8,0.3,4.0,0.563,1.5,0.583
1630792,Malcolm Hill,F,1610612741,CHI,6,15.8,10.9,11.8,5.7,2.5,0.5,0.17,0.67,0.2,1.0,3.2,0.526,1.7,0.8
2617,Udonis Haslem,F,1610612748,MIA,3,9.5,10.9,11.2,6.0,3.7,0.3,0.0,0.33,0.7,0.3,4.7,0.5,1.0,1.0
1627884,Derrick Jones Jr.,F,1610612741,CHI,8,15.2,10.7,11.3,5.3,3.3,0.5,0.25,0.38,0.5,0.9,2.6,0.619,1.3,0.9
2772,Trevor Ariza,F,1610612747,LAL,10,19.0,10.6,11.3,3.6,3.5,1.1,0.2,0.5,0.3,1.0,3.4,0.353,0.4,0.5
1629168,BJ Johnson,F,1610612753,ORL,2,12.1,10.6,10.6,7.0,3.0,0.0,0.0,0.0,0.0,1.0,6.0,0.5,0.0,0.0
202324,Derrick Favors,F,1610612760,OKC,8,14.7,10.6,11.0,3.5,3.8,1.3,0.25,0.13,0.0,0.0,3.8,0.467,0.0,0.0
1629013,Landry Shamet,G,1610612756,PHX,12,18.6,10.5,11.6,5.6,1.2,1.3,0.17,0.92,0.7,0.9,5.2,0.339,1.3,0.875
204025,Tim Frazier,G,1610612739,CLE,10,20.0,10.4,10.8,3.7,1.9,3.3,0.1,0.3,1.3,0.6,4.3,0.302,0.9,0.556
1629682,Tremont Waters,G,1610612764,WAS,3,16.8,10.4,12.1,3.3,1.3,2.3,0.0,1.67,1.3,0.7,4.7,0.286,0.0,0.0
1627789,Timothe Luwawu-Cabarrot,G-F,1610612737,ATL,8,18.9,10.4,10.9,6.0,1.9,1.4,0.0,0.5,0.9,1.1,4.8,0.421,1.1,0.778
1629139,Yuta Watanabe,G-F,1610612761,TOR,7,17.2,10.3,10.9,6.0,3.1,0.6,0.43,0.14,1.4,0.7,5.7,0.4,1.0,0.714
1630543,Isaiah Jackson,F,1610612754,IND,6,8.0,10.3,11.6,4.3,2.7,0.2,0.67,0.67,0.2,0.0,3.0,0.5,2.3,0.571
1630273,Freddie Gillespie,C,1610612753,ORL,9,13.2,10.1,11.4,2.3,4.0,0.6,1.0,0.33,0.6,0.0,2.4,0.409,0.8,0.429
202954,Brad Wanamaker,G,1610612764,WAS,4,18.0,10.0,10.7,2.8,1.8,3.3,0.0,0.75,1.3,0.0,3.0,0.25,1.3,1.0
1629744,Matt Thomas,G,1610612741,CHI,12,15.5,9.9,10.2,6.4,1.3,1.1,0.0,0.33,0.4,1.5,4.6,0.473,0.8,0.7
1629076,Tyler Cook,F,1610612741,CHI,5,11.5,9.9,10.7,4.2,3.6,0.0,0.2,0.6,0.2,0.0,2.6,0.692,0.8,0.75
1629162,Jordan McLaughlin,G,1610612750,MIN,9,12.6,9.8,10.7,2.4,1.4,3.1,0.11,0.78,0.8,0.0,3.2,0.276,1.2,0.545
1629620,Justin Robinson,G,1610612765,DET,5,18.2,9.8,10.2,5.6,1.4,1.8,0.2,0.2,1.0,1.6,5.6,0.321,1.2,0.333
1630197,Aleksej Pokusevski,F,1610612760,OKC,8,15.9,9.7,10.7,4.4,2.9,0.8,0.38,0.63,1.3,0.6,4.9,0.385,0.0,0.0
1629005,Malik Newman,G,1610612739,CLE,1,7.7,9.6,9.7,8.0,1.0,1.0,0.0,0.0,1.0,0.0,5.0,0.6,2.0,1.0
1630585,Marcus Garrett,G,1610612748,MIA,4,18.8,9.6,10.8,2.0,3.5,0.8,0.25,1.0,0.3,0.0,3.8,0.2,0.8,0.667
201949,James Johnson,F,1610612751,BKN,11,15.6,9.5,10.1,4.0,2.5,1.2,0.36,0.27,0.6,0.2,3.8,0.5,0.3,0.0
1630570,Trendon Watford,F,1610612757,POR,10,12.5,9.5,10.2,4.1,3.3,0.6,0.6,0.1,0.9,0.0,3.3,0.455,1.8,0.611
201980,Danny Green,G,1610612755,PHI,5,18.2,9.5,10.8,4.8,1.8,0.4,0.8,0.4,0.4,1.4,3.8,0.421,0.4,0.5
1630243,Trevelin Queen,G,1610612745,HOU,6,10.4,9.4,10.3,5.8,2.2,0.3,0.0,0.83,1.2,1.3,4.3,0.462,0.5,1.0
1630551,Justin Champagnie,G-F,1610612761,TOR,10,12.1,9.4,9.9,3.5,3.9,0.4,0.2,0.3,0.4,0.7,2.7,0.519,0.0,0.0
202738,Isaiah Thomas,G,1610612766,CHA,3,20.1,9.3,9.6,3.7,1.3,2.7,0.33,0.0,0.7,0.0,8.0,0.208,0.7,0.5
1630208,Nick Richards,C,1610612766,CHA,6,9.0,9.3,10.3,4.8,2.3,0.3,0.5,0.5,0.8,0.0,2.5,0.733,1.5,0.778
1630214,Xavier Tillman,F,1610612763,MEM,10,10.8,9.2,10.5,3.5,2.4,0.4,0.3,1.0,0.4,0.0,3.7,0.405,1.0,0.5
1630553,Keon Johnson,G,1610612757,POR,10,11.2,9.2,10.0,4.4,1.8,1.1,0.2,0.6,0.6,0.3,4.4,0.341,1.5,0.733
1629633,Jarrett Culver,G-F,1610612763,MEM,8,12.6,9.2,10.0,4.0,2.0,1.0,0.13,0.75,0.5,0.4,5.1,0.293,1.4,0.455
1629003,Shake Milton,G-F,1610612755,PHI,2,16.1,9.1,10.6,2.5,1.5,1.5,0.5,1.0,0.5,0.5,6.5,0.154,0.0,0.0
1630466,Gabriel Deck,F,1610612760,OKC,1,10.8,9.1,9.2,5.0,1.0,2.0,0.0,0.0,0.0,1.0,2.0,1.0,0.0,0.0
1628373,Frank Ntilikina,G,1610612742,DAL,15,14.0,8.9,9.5,4.7,1.3,1.5,0.0,0.6,0.8,0.8,4.3,0.406,0.5,1.0
203090,Maurice Harkless,F-G,1610612758,SAC,8,14.3,8.9,9.9,4.4,2.0,0.5,0.88,0.13,0.6,0.6,3.0,0.583,0.4,0.667
1630698,Kevin Pangos,G,1610612739,CLE,8,14.0,8.9,9.2,3.5,1.0,2.8,0.0,0.25,0.4,0.5,4.3,0.324,0.3,1.0
1629678,Admiral Schofield,F,1610612753,ORL,12,13.9,8.8,9.1,3.8,3.3,0.7,0.25,0.08,0.8,0.5,3.1,0.514,0.3,0.667
1627752,Taurean Prince,F,1610612750,MIN,10,12.1,8.8,9.5,4.2,2.0,1.0,0.2,0.5,0.7,0.7,3.6,0.444,0.4,0.75
1630561,David Duke Jr.,G,1610612751,BKN,8,13.4,8.8,9.1,4.5,2.5,0.8,0.25,0.13,0.6,0.6,3.9,0.387,1.0,0.875
1627767,Cheick Diallo,F-C,1610612765,DET,3,10.2,8.8,9.1,3.7,4.0,0.0,0.0,0.33,0.3,0.0,2.7,0.375,2.0,0.833
1630572,Sandro Mamukelashvili,F-C,1610612749,MIL,6,11.6,8.7,9.5,4.0,2.2,0.5,0.33,0.5,0.3,0.3,3.5,0.381,1.2,0.857
204020,Tyler Johnson,G,1610612759,SAS,6,15.2,8.7,9.7,2.8,2.0,1.2,0.5,0.5,0.3,0.8,3.3,0.3,0.0,0.0
1629234,Drew Eubanks,F-C,1610612757,POR,11,10.0,8.6,9.0,3.6,3.4,0.4,0.27,0.18,0.5,0.0,2.2,0.542,1.9,0.667
1630227,Daishen Nix,G,1610612745,HOU,7,9.3,8.6,9.6,4.3,1.4,1.3,0.0,1.0,1.3,0.4,2.9,0.65,0.4,0.333
1630695,Micah Potter,C,1610612765,DET,3,10.3,8.6,9.3,4.0,3.0,0.0,0.33,0.33,0.3,0.0,3.7,0.455,0.7,1.0
201961,Wayne Ellington,G,1610612747,LAL,7,15.8,8.5,9.0,5.4,1.6,0.4,0.0,0.43,0.3,1.4,4.6,0.438,0.0,0.0
1630215,Jared Butler,G,1610612762,UTA,3,13.4,8.5,9.2,6.7,1.0,1.3,0.0,0.67,2.7,1.3,6.7,0.35,0.7,1.0
1627863,Danuel House Jr.,F-G,1610612762,UTA,5,13.7,8.3,8.7,4.0,1.6,1.2,0.2,0.2,0.2,0.8,3.4,0.412,0.4,1.0
1626147,Justin Anderson,F-G,1610612754,IND,6,12.8,8.3,8.8,3.5,1.7,1.5,0.17,0.33,0.5,0.5,3.2,0.316,1.2,0.857
1628962,Udoka Azubuike,C-F,1610612762,UTA,3,14.5,8.2,9.9,3.0,2.7,0.0,1.33,0.33,1.3,0.0,2.0,0.667,0.7,0.5
203917,Nik Stauskas,G,1610612738,BOS,2,11.9,8.1,8.1,5.5,1.5,0.5,0.0,0.0,0.0,1.0,4.0,0.375,2.0,0.75
1627774,Jake Layman,F,1610612750,MIN,8,13.0,8.1,9.0,4.3,1.6,0.5,0.25,0.63,0.6,0.3,3.9,0.419,0.8,1.0
1629731,Dean Wade,F-C,1610612739,CLE,10,14.4,8.1,8.4,3.3,2.7,1.0,0.1,0.2,0.5,0.3,3.3,0.394,0.5,0.8
202684,Tristan Thompson,C-F,1610612741,CHI,6,11.0,8.0,9.0,2.8,2.8,0.2,0.5,0.5,0.5,0.2,3.0,0.333,1.0,0.667
1630198,Isaiah Joe,G,1610612755,PHI,10,12.6,8.0,8.4,4.7,1.2,0.8,0.1,0.3,0.1,1.0,4.2,0.357,0.7,1.0
203953,Jabari Parker,F,1610612738,BOS,3,9.5,7.9,8.2,4.0,2.7,0.7,0.0,0.33,1.0,1.0,3.7,0.364,0.3,1.0
1629685,Dylan Windler,G-F,1610612739,CLE,10,11.9,7.8,8.0,4.0,2.2,0.6,0.0,0.2,0.1,1.0,2.6,0.5,0.4,1.0
1627782,Wayne Selden,G,1610612752,NYK,1,8.7,7.7,7.7,5.0,1.0,1.0,0.0,0.0,0.0,1.0,2.0,0.5,4.0,0.5
203504,Trey Burke,G,1610612742,DAL,5,9.7,7.7,8.1,3.6,0.6,2.0,0.0,0.4,0.4,0.4,4.8,0.292,0.4,1.0
1630264,Anthony Gill,F,1610612764,WAS,5,9.5,7.7,7.9,4.2,1.6,1.2,0.0,0.2,0.6,0.4,2.8,0.571,0.8,0.75
1629109,Gary Clark,F,1610612740,NOP,12,11.1,7.7,8.1,3.6,2.5,0.4,0.17,0.25,0.3,1.1,2.8,0.412,0.3,0.5
1629626,Bol Bol,C-F,1610612753,ORL,3,10.0,7.6,7.6,6.0,2.0,0.3,0.0,0.0,1.3,0.3,3.7,0.727,0.7,0.5
202683,Enes Freedom,C,1610612738,BOS,9,12.7,7.6,8.2,2.7,3.2,0.2,0.44,0.11,0.3,0.0,1.1,0.9,0.7,1.0
1630531,Jaden Springer,G,1610612755,PHI,1,3.6,7.4,9.4,2.0,2.0,0.0,2.0,0.0,1.0,0.0,1.0,1.0,0.0,0.0
1629004,Svi Mykhailiuk,G-F,1610612761,TOR,9,13.8,7.2,7.7,3.6,1.3,0.9,0.11,0.44,0.4,0.4,3.3,0.367,0.9,0.75
1627823,Juancho Hernangomez,F,1610612762,UTA,3,10.9,7.2,7.9,1.7,2.7,0.7,0.67,0.0,0.0,0.3,3.0,0.111,1.3,0.5
1630586,Usman Garuba,F,1610612745,HOU,4,8.5,7.2,8.4,1.0,2.8,0.3,0.5,0.75,0.0,0.0,2.0,0.25,0.0,0.0
1629103,Kelan Martin,F,1610612738,BOS,4,9.8,7.2,8.0,3.3,1.8,0.3,0.25,0.5,0.0,0.8,3.8,0.267,0.5,1.0
1629735,Chris Silva,F,1610612748,MIA,8,8.3,7.1,7.1,3.0,3.4,0.4,0.0,0.0,0.5,0.0,1.6,0.615,1.3,0.8
1628975,Jevon Carter,G,1610612749,MIL,7,10.8,7.0,7.8,4.4,1.3,0.1,0.14,0.57,0.6,0.7,5.3,0.351,0.0,0.0
203516,James Ennis III,F,1610612743,DEN,6,7.2,7.0,7.4,4.3,1.3,0.5,0.17,0.17,0.3,0.3,3.0,0.556,0.8,0.8
1630846,Olivier Sarr,C,1610612760,OKC,2,6.8,7.0,8.0,2.0,2.5,0.0,1.0,0.0,0.0,0.0,1.5,0.333,1.0,1.0
203918,Rodney Hood,G-F,1610612746,LAC,10,15.9,6.9,7.4,3.3,1.4,0.8,0.2,0.3,0.3,0.8,3.4,0.353,0.2,0.5
1630758,Aleem Ford,F,1610612753,ORL,3,16.3,6.9,6.9,1.3,4.3,0.7,0.0,0.0,0.7,0.0,3.7,0.182,0.0,0.0
203901,Elfrid Payton,G,1610612756,PHX,9,8.4,6.8,7.5,2.9,1.7,0.8,0.0,0.67,0.6,0.0,3.1,0.429,0.4,0.5
1630174,Aaron Nesmith,G-F,1610612738,BOS,5,9.9,6.8,7.5,4.0,1.8,0.2,0.2,0.4,0.8,0.4,2.6,0.615,0.4,1.0
204038,Langston Galloway,G,1610612749,MIL,5,15.0,6.8,7.0,1.4,2.6,1.8,0.0,0.2,0.8,0.2,3.8,0.158,0.0,0.0
1629607,Jared Harper,G,1610612740,NOP,2,5.2,6.8,7.4,3.5,0.5,1.5,0.5,0.0,0.5,0.5,3.5,0.429,0.0,0.0
1629603,Mamadi Diakite,F,1610612760,OKC,4,11.8,6.7,7.2,3.5,2.3,0.0,0.25,0.25,0.5,0.0,3.0,0.583,0.0,0.0
1630314,Brandon Williams,G,1610612757,POR,2,5.9,6.7,6.7,4.0,1.0,1.0,0.0,0.0,0.0,0.0,1.5,0.667,3.5,0.571
1630612,RJ Nembhard Jr.,G,1610612739,CLE,3,11.8,6.7,6.7,2.3,0.3,2.7,0.0,0.0,0.0,0.0,3.0,0.333,0.7,0.5
1629033,Theo Pinson,G-F,1610612742,DAL,11,8.6,6.6,7.1,2.3,1.5,1.1,0.18,0.36,0.2,0.5,2.5,0.296,0.4,1.0
1629686,Deividas Sirvydis,F-G,1610612765,DET,3,8.9,6.6,7.9,1.0,2.0,0.3,0.33,1.0,0.0,0.3,3.3,0.1,0.0,0.0
1630583,Santi Aldama,F-C,1610612763,MEM,9,11.8,6.3,6.6,3.0,2.3,0.1,0.33,0.0,0.3,0.1,3.1,0.393,0.8,0.571
1630541,Moses Moody,G,1610612744,GSW,5,10.1,6.3,6.5,3.6,1.6,0.4,0.0,0.2,0.2,0.0,2.6,0.385,1.6,1.0
1629674,Neemias Queta,C,1610612758,SAC,4,7.6,6.3,6.5,3.3,2.0,0.3,0.0,0.25,0.3,0.0,2.8,0.455,1.0,0.75
1629730,Rayjon Tucker,G,1610612749,MIL,3,9.8,6.3,6.6,2.0,1.3,1.3,0.0,0.33,0.0,0.3,0.7,0.5,1.3,0.75
1630187,Daniel Oturu,C,1610612761,TOR,3,9.1,6.3,7.0,3.0,1.7,0.0,0.67,0.0,0.0,0.0,2.0,0.5,1.7,0.6
1629663,Louis King,F,1610612758,SAC,1,3.0,6.2,6.2,5.0,1.0,0.0,0.0,0.0,0.0,1.0,4.0,0.5,0.0,0.0
1629718,Charlie Brown Jr.,G,1610612755,PHI,10,10.8,6.2,7.2,1.7,1.9,0.4,0.4,0.6,0.4,0.1,2.5,0.24,0.5,0.8
1630286,Trevon Scott,F,1610612739,CLE,2,5.7,6.2,7.2,3.0,1.0,0.0,0.5,0.5,0.0,0.0,3.0,0.5,0.0,0.0
1629006,Josh Okogie,G,1610612750,MIN,9,10.7,6.2,7.1,2.8,1.7,0.1,0.44,0.44,0.6,0.3,2.3,0.333,1.2,0.727
1628035,Alfonzo McKinnie,F,1610612741,CHI,9,12.2,6.1,6.3,3.6,2.0,0.1,0.11,0.11,0.4,0.3,4.1,0.378,0.4,0.25
203503,Tony Snell,G,1610612740,NOP,10,15.8,6.1,6.3,2.9,2.5,0.2,0.1,0.1,0.5,0.7,2.7,0.407,0.0,0.0
1629150,Emanuel Terry,F,1610612756,PHX,3,6.1,6.0,6.3,0.0,5.0,0.7,0.0,0.33,1.7,0.0,1.7,0.0,0.0,0.0
1629650,Moses Brown,C,1610612739,CLE,10,6.7,5.9,6.1,2.9,2.8,0.0,0.2,0.0,0.8,0.0,2.4,0.5,1.2,0.417
1630235,Trent Forrest,G,1610612762,UTA,11,12.4,5.9,6.0,2.0,2.2,1.5,0.09,0.0,1.2,0.0,1.8,0.45,0.5,0.667
1629646,Charles Bassey,C-F,1610612755,PHI,8,4.5,5.9,6.5,2.0,1.8,0.5,0.38,0.25,0.3,0.0,1.3,0.7,0.3,1.0
1629649,Ignas Brazdeikis,F,1610612753,ORL,6,7.8,5.8,6.1,2.2,1.5,1.0,0.17,0.17,0.3,0.2,2.7,0.313,0.3,1.0
1626246,Boban Marjanovic,C,1610612742,DAL,2,5.3,5.8,5.8,5.0,1.5,0.0,0.0,0.0,1.0,0.0,4.0,0.5,1.5,0.667
1630547,James Bouknight,G,1610612766,CHA,3,7.1,5.7,5.7,2.3,1.0,1.7,0.0,0.0,0.3,0.3,3.7,0.273,0.0,0.0
203145,Kent Bazemore,G-F,1610612747,LAL,4,5.8,5.7,6.2,2.3,1.5,0.8,0.25,0.25,0.5,0.8,2.8,0.273,0.0,0.0
1630530,Trey Murphy III,F,1610612740,NOP,7,10.1,5.5,5.9,1.7,2.0,0.4,0.14,0.29,0.1,0.3,2.9,0.15,0.7,0.8
201152,Thaddeus Young,F,1610612761,TOR,2,11.4,5.5,6.0,1.5,3.5,0.5,0.5,0.0,2.0,0.0,1.5,0.333,1.0,0.5
1629117,Wenyen Gabriel,F,1610612747,LAL,7,6.8,5.4,5.9,2.0,2.1,0.3,0.29,0.14,0.4,0.3,1.9,0.385,0.6,0.5
1628238,Paris Bass,F,1610612756,PHX,2,3.7,5.4,5.9,3.0,2.0,0.0,0.0,0.5,1.0,0.0,3.0,0.333,1.0,1.0
1628382,Justin Jackson,F,1610612756,PHX,4,6.3,5.3,5.3,3.8,1.5,0.0,0.0,0.0,0.3,0.8,2.0,0.625,0.5,1.0
1629623,Lindell Wigginton,G,1610612749,MIL,1,4.6,5.2,6.2,2.0,1.0,0.0,0.0,1.0,0.0,0.0,1.0,1.0,0.0,0.0
1628993,Alize Johnson,F,1610612740,NOP,3,6.1,5.1,5.1,1.3,4.0,0.0,0.0,0.0,1.0,0.0,2.0,0.333,0.3,0.0
1630271,Brodric Thomas,G,1610612738,BOS,3,6.6,5.1,5.1,1.3,1.3,1.7,0.0,0.0,0.3,0.0,2.7,0.125,0.7,1.0
1628400,Semi Ojeleye,F,1610612746,LAC,5,11.1,5.1,5.3,2.0,2.0,0.2,0.0,0.2,0.0,0.4,2.6,0.154,0.8,1.0
1630688,Ish Wainright,F,1610612756,PHX,9,7.4,5.1,5.5,2.3,1.4,0.4,0.11,0.33,0.6,0.3,2.0,0.444,0.2,1.0
1630580,Joe Wieskamp,G-F,1610612759,SAS,10,6.9,5.1,5.5,2.9,0.7,0.4,0.2,0.2,0.0,0.6,2.2,0.455,0.7,0.429
1629312,Haywood Highsmith,F,1610612748,MIA,4,10.4,5.0,5.3,3.0,1.3,0.0,0.25,0.0,0.0,1.0,2.0,0.5,0.0,0.0
1626144,Emmanuel Mudiay,G,1610612758,SAC,2,5.5,5.0,5.5,1.5,0.0,2.0,0.0,0.5,0.5,0.0,1.0,0.0,2.0,0.75
1628591,Craig Sword,G,1610612764,WAS,3,6.3,4.8,6.2,2.0,0.0,0.3,0.0,1.33,0.3,0.0,1.3,0.75,0.0,0.0
1629203,Jemerrio Jones,F,1610612747,LAL,2,7.4,4.8,5.3,2.0,1.5,0.0,0.0,0.5,0.0,0.0,1.5,0.667,0.0,0.0
203816,Scotty Hopson,G-F,1610612760,OKC,1,17.7,4.7,4.7,4.0,1.0,1.0,0.0,0.0,2.0,0.0,4.0,0.5,0.0,0.0
1630250,Marko Simonovic,C,1610612741,CHI,5,4.0,4.7,5.1,2.4,1.4,0.0,0.2,0.2,0.2,0.2,1.6,0.5,1.0,0.6
1630194,Paul Reed,F,1610612755,PHI,6,7.1,4.6,5.3,1.2,1.5,0.3,0.17,0.5,0.2,0.0,1.0,0.333,1.3,0.375
1630206,Jay Scrubb,G,1610612746,LAC,6,7.1,4.5,4.8,2.0,1.2,0.5,0.17,0.17,0.3,0.2,2.0,0.333,0.8,0.6
203658,Norvel Pelle,C,1610612762,UTA,3,6.3,4.4,4.7,2.0,2.0,0.0,0.33,0.0,0.7,0.0,1.7,0.6,0.0,0.0
1630552,Jalen Johnson,F,1610612737,ATL,4,8.2,4.3,4.3,2.0,2.0,0.3,0.0,0.0,0.5,0.0,1.8,0.429,1.0,0.5
201954,Darren Collison,G,1610612747,LAL,3,12.4,4.3,4.6,1.3,1.3,0.7,0.0,0.33,0.3,0.0,2.3,0.286,0.0,0.0
1630222,Mason Jones,G,1610612747,LAL,2,4.4,4.2,4.7,2.5,1.0,0.0,0.0,0.5,0.5,0.0,4.0,0.25,1.0,0.5
1628995,Kevin Knox II,F,1610612737,ATL,6,7.1,4.1,4.3,2.7,1.3,0.0,0.17,0.0,0.5,0.3,2.7,0.375,0.3,1.0
1628436,Luke Kornet,C-F,1610612738,BOS,3,6.0,4.1,4.4,1.3,1.3,0.3,0.33,0.0,0.0,0.0,2.0,0.167,1.0,0.667
1630691,Jamorko Pickett,F,1610612765,DET,3,12.7,4.1,4.4,0.0,3.0,0.3,0.33,0.0,0.7,0.0,3.0,0.0,0.0,0.0
1630540,Miles McBride,G,1610612752,NYK,8,9.6,4.1,4.4,1.1,1.0,1.1,0.0,0.25,0.4,0.1,3.0,0.167,0.1,0.0
1630238,Malik Fitts,F,1610612738,BOS,3,8.1,4.1,4.1,2.0,2.3,0.0,0.0,0.0,0.7,0.7,2.7,0.25,0.0,0.0
1629683,Quinndary Weatherspoon,G,1610612744,GSW,3,5.3,4.0,4.7,2.7,0.3,0.0,0.33,0.33,0.3,0.0,1.3,1.0,0.0,0.0
1628422,Damyean Dotson,G,1610612752,NYK,2,10.3,4.0,4.0,2.0,1.0,0.5,0.0,0.0,0.0,0.0,2.0,0.5,0.0,0.0
203648,Thanasis Antetokounmpo,F,1610612749,MIL,5,5.2,3.8,4.4,1.6,1.0,0.0,0.4,0.2,0.2,0.0,1.8,0.333,0.4,1.0
1629653,Devon Dotson,G,1610612741,CHI,5,4.6,3.8,3.8,1.6,0.6,1.4,0.0,0.0,0.6,0.0,1.8,0.444,0.2,0.0
1630201,Malachi Flynn,G,1610612761,TOR,6,8.5,3.8,4.0,1.3,0.7,1.0,0.17,0.0,0.2,0.3,2.8,0.176,0.0,0.0
1629783,Shaq Buchanan,G,1610612763,MEM,2,4.9,3.7,4.2,1.0,1.0,1.0,0.0,0.5,1.0,0.0,2.0,0.25,0.0,0.0
1630225,Isaiah Todd,F,1610612764,WAS,4,5.3,3.7,4.0,0.8,1.8,0.3,0.25,0.0,0.0,0.0,1.3,0.2,0.5,0.5
1630550,JT Thor,F,1610612766,CHA,3,4.8,3.5,4.5,1.3,0.7,0.0,1.0,0.0,0.7,0.0,1.0,0.333,0.7,1.0
1630640,MJ Walker,G,1610612756,PHX,2,4.2,3.4,4.4,0.0,0.5,0.5,0.0,1.0,0.0,0.0,2.0,0.0,0.0,0.0
1630579,Jericho Sims,C,1610612752,NYK,5,6.2,3.3,3.5,1.2,1.4,0.0,0.2,0.0,0.0,0.0,1.0,0.6,0.0,0.0
1628395,Jordan Bell,F,1610612741,CHI,1,2.0,3.2,4.2,0.0,1.0,0.0,0.0,1.0,0.0,0.0,0.0,0.0,0.0,0.0
1629067,Isaac Bonga,G,1610612761,TOR,1,4.2,3.2,4.2,0.0,1.0,0.0,0.0,1.0,0.0,0.0,1.0,0.0,0.0,0.0
1629602,Javin DeLaurier,C,1610612749,MIL,1,2.8,3.2,4.2,0.0,1.0,0.0,0.0,1.0,0.0,0.0,0.0,0.0,0.0,0.0
1630625,Dalano Banton,F,1610612761,TOR,6,7.4,3.2,3.4,1.5,0.7,1.2,0.0,0.17,1.2,0.2,3.7,0.182,0.0,0.0
1630535,Greg Brown III,F,1610612757,POR,7,4.9,3.1,3.1,2.3,1.1,0.0,0.0,0.0,0.6,0.0,1.6,0.545,0.9,0.667
1630230,Naji Marshall,F,1610612740,NOP,4,2.9,3.1,3.4,2.3,0.5,0.0,0.0,0.25,0.3,0.3,2.3,0.444,0.0,0.0
1630573,Sam Hauser,F,1610612738,BOS,4,6.2,3.0,3.2,1.5,0.5,0.3,0.25,0.0,0.0,0.5,2.0,0.25,0.0,0.0
1630210,Markus Howard,G,1610612743,DEN,1,2.6,3.0,3.0,3.0,0.0,0.0,0.0,0.0,0.0,1.0,2.0,0.5,0.0,0.0
1629833,Keljin Blevins,G,1610612757,POR,3,7.4,3.0,3.0,2.0,0.7,0.3,0.0,0.0,0.3,0.7,2.3,0.286,0.7,0.0
1630296,Braxton Key,F,1610612765,DET,2,3.2,3.0,3.5,1.0,1.0,0.5,0.0,0.5,1.0,0.0,1.0,0.5,0.0,0.0
1629185,Chris Chiozza,G,1610612744,GSW,9,8.0,2.9,3.1,0.9,0.6,1.2,0.0,0.11,0.7,0.2,1.9,0.176,0.0,0.0
1629619,Myles Powell,G,1610612755,PHI,8,4.7,2.8,2.9,1.6,0.6,0.4,0.0,0.13,0.4,0.1,1.8,0.357,0.3,1.0
1630306,Rob Edwards,G,1610612760,OKC,2,5.4,2.8,2.8,1.5,1.5,0.0,0.0,0.0,0.5,0.5,2.0,0.25,0.0,0.0
1630637,Carlik Jones,G,1610612743,DEN,5,4.7,2.8,3.0,0.8,0.6,1.0,0.0,0.2,0.6,0.0,1.8,0.111,0.4,1.0
1627822,Petr Cornelie,F,1610612743,DEN,3,2.2,2.5,2.8,1.7,0.7,0.0,0.0,0.33,0.7,0.3,0.7,0.5,0.7,1.0
1630555,Joel Ayayi,G,1610612764,WAS,2,3.6,2.4,2.4,1.0,0.5,0.5,0.0,0.0,0.0,0.0,3.0,0.167,0.0,0.0
1629600,Jarron Cumberland,G,1610612757,POR,3,4.1,2.4,2.4,0.7,1.0,0.3,0.0,0.0,0.0,0.0,0.7,0.5,0.0,0.0
1627760,Cat Barber,G,1610612737,ATL,3,4.3,2.4,2.4,0.0,1.0,1.0,0.0,0.0,0.3,0.0,1.3,0.0,1.3,0.0
1629658,Jaylen Hoard,F,1610612760,OKC,1,1.8,2.4,2.4,0.0,2.0,0.0,0.0,0.0,0.0,0.0,1.0,0.0,0.0,0.0
1630536,Sharife Cooper,G,1610612737,ATL,3,5.8,2.4,2.4,1.0,1.3,0.3,0.0,0.0,0.7,0.3,2.0,0.167,0.0,0.0
1628537,Jaylen Morris,G,1610612759,SAS,3,5.3,2.1,2.1,0.7,0.7,0.7,0.0,0.0,0.3,0.0,2.0,0.0,1.3,0.5
1630237,Anthony Lamb,F,1610612745,HOU,2,3.8,2.1,2.1,0.0,0.5,1.0,0.0,0.0,0.0,0.0,1.0,0.0,0.0,0.0
1628981,Bruno Fernando,F-C,1610612745,HOU,5,2.6,2.0,2.0,1.2,1.0,0.0,0.0,0.0,0.4,0.0,0.6,0.667,0.6,0.667
1629610,DaQuan Jeffries,G-F,1610612763,MEM,3,2.9,2.0,2.0,0.7,0.7,0.3,0.0,0.0,0.0,0.0,0.7,0.5,0.0,0.0
1630593,McKinley Wright IV,G,1610612750,MIN,1,3.3,2.0,2.0,2.0,0.0,0.0,0.0,0.0,0.0,0.0,2.0,0.5,0.0,0.0
1629958,Ahmad Caver,G,1610612754,IND,1,0.8,2.0,2.0,2.0,0.0,0.0,0.0,0.0,0.0,0.0,1.0,1.0,0.0,0.0
2207,Joe Johnson,G-F,1610612738,BOS,1,2.0,2.0,2.0,2.0,0.0,0.0,0.0,0.0,0.0,0.0,1.0,1.0,0.0,0.0
1630539,Kai Jones,C-F,1610612766,CHA,3,3.7,2.0,2.0,1.3,0.7,0.3,0.0,0.0,0.7,0.0,0.7,1.0,0.7,0.0
1630257,Jon Teske,C,1610612763,MEM,3,2.6,2.0,2.3,0.0,0.7,0.3,0.0,0.33,0.0,0.0,0.3,0.0,0.7,0.0
1629751,Dakota Mathias,G,1610612763,MEM,6,2.7,2.0,2.2,1.0,0.3,0.2,0.0,0.17,0.0,0.3,1.0,0.333,0.0,0.0
1630606,Javonte Smart,G,1610612748,MIA,4,4.8,1.8,2.1,0.0,0.3,1.0,0.0,0.25,0.5,0.0,1.3,0.0,0.0,0.0
1630648,Jordan Schakel,G,1610612764,WAS,2,7.1,1.8,1.8,0.0,1.5,0.0,0.0,0.0,0.0,0.0,3.0,0.0,0.0,0.0
1629873,Jaysean Paige,G,1610612765,DET,1,6.6,1.7,1.7,0.0,1.0,1.0,0.0,0.0,1.0,0.0,3.0,0.0,0.0,0.0
1630195,Leandro Bolmaro,F,1610612750,MIN,5,4.7,1.7,1.7,0.6,0.6,0.4,0.0,0.0,0.2,0.2,0.4,0.5,0.0,0.0
1630643,Jay Huff,F,1610612747,LAL,2,3.5,1.7,2.2,0.0,1.0,0.0,0.5,0.0,0.5,0.0,1.0,0.0,0.0,0.0
1630186,Jahmi'us Ramsey,G,1610612758,SAC,5,1.7,1.6,1.6,1.4,0.2,0.0,0.0,0.0,0.0,0.0,0.6,1.0,0.4,0.5
1630589,Moses Wright,F,1610612742,DAL,1,1.5,1.5,1.5,0.0,0.0,1.0,0.0,0.0,0.0,0.0,0.0,0.0,0.0,0.0
1628994,George King,F-G,1610612742,DAL,4,4.8,1.5,1.5,0.3,1.3,0.0,0.0,0.0,0.3,0.0,1.3,0.0,0.5,0.5
1630678,Terry Taylor,F,1610612754,IND,2,2.8,1.4,1.4,0.0,0.5,0.5,0.0,0.0,0.0,0.0,0.0,0.0,0.0,0.0
1629309,Trayvon Palmer,G,1610612765,DET,1,16.8,1.4,1.4,0.0,2.0,0.0,0.0,0.0,1.0,0.0,1.0,0.0,0.0,0.0
1630270,Xavier Sneed,F,1610612762,UTA,2,3.8,1.2,1.2,0.0,1.0,0.0,0.0,0.0,0.0,0.0,1.0,0.0,0.0,0.0
1629671,Miye Oni,G-F,1610612762,UTA,2,1.6,1.2,1.2,0.0,1.0,0.0,0.0,0.0,0.0,0.0,1.0,0.0,0.0,0.0
1630582,Yves Pons,F,1610612763,MEM,2,3.6,1.2,1.2,0.0,1.0,0.0,0.0,0.0,0.0,0.0,0.0,0.0,1.0,0.0
1630644,Mac McClung,G,1610612747,LAL,1,2.6,1.0,1.0,2.0,0.0,0.0,0.0,0.0,1.0,0.0,1.0,1.0,0.0,0.0
1629760,Matt Mooney,G,1610612752,NYK,1,1.9,1.0,2.0,0.0,0.0,0.0,0.0,1.0,1.0,0.0,1.0,0.0,0.0,0.0
1630565,Aaron Henry,F,1610612755,PHI,4,2.6,1.0,1.5,0.5,0.0,0.0,0.5,0.0,0.5,0.0,0.8,0.333,0.0,0.0
1630179,Tyrell Terry,G,1610612763,MEM,2,1.5,1.0,1.0,1.0,0.0,0.0,0.0,0.0,0.0,0.0,0.5,1.0,0.0,0.0
1630218,Robert Woodard II,F,1610612759,SAS,5,1.7,0.8,0.8,0.6,0.2,0.0,0.0,0.0,0.0,0.2,0.8,0.25,0.0,0.0
1630692,Jordan Goodwin,G,1610612764,WAS,2,3.0,0.6,0.6,0.0,0.5,0.0,0.0,0.0,0.0,0.0,1.5,0.0,0.0,0.0
1628990,Chandler Hutchison,F-G,1610612756,PHX,1,8.1,0.5,0.5,0.0,0.0,1.0,0.0,0.0,1.0,0.0,0.0,0.0,0.0,0.0
1630278,Ade Murkey,G,1610612758,SAC,1,1.5,0.0,0.0,0.0,0.0,0.0,0.0,0.0,0.0,0.0,0.0,0.0,0.0,0.0
1627885,Shaquille Harrison,G,1610612751,BKN,1,1.3,0.0,0.0,0.0,0.0,0.0,0.0,0.0,0.0,0.0,0.0,0.0,0.0,0.0
1629788,Tyler Hall,G,1610612752,NYK,1,1.9,0.0,0.0,0.0,0.0,0.0,0.0,0.0,0.0,0.0,0.0,0.0,0.0,0.0
101139,CJ Miles,G,1610612738,BOS,1,2.0,0.0,0.0,0.0,0.0,0.0,0.0,0.0,0.0,0.0,0.0,0.0,0.0,0.0
1630605,JaQuori McLaughlin,G,1610612742,DAL,1,2.7,0.0,0.0,0.0,0.0,0.0,0.0,0.0,0.0,0.0,0.0,0.0,0.0,0.0
1630693,Jaime Echenique,C,1610612764,WAS,1,3.1,0.0,0.0,0.0,0.0,0.0,0.0,0.0,0.0,0.0,0.0,0.0,0.0,0.0
202334,Ed Davis,C-F,1610612739,CLE,2,3.5,0.0,0.0,0.0,0.0,0.0,0.0,0.0,0.0,0.0,0.0,0.0,1.0,0.0
1630288,Jeff Dowtin,G,1610612753,ORL,1,3.0,0.0,0.0,0.0,0.0,0.0,0.0,0.0,0.0,0.0,1.0,0.0,0.0,0.0
1629597,Zylan Cheatham,F,1610612762,UTA,1,5.2,0.0,0.0,0.0,0.0,0.0,0.0,0.0,0.0,0.0,3.0,0.0,0.0,0.0
1630207,Nate Hinton,G-F,1610612754,IND,2,1.2,-0.5,-0.5,0.0,0.0,0.0,0.0,0.0,0.5,0.0,0.5,0.0,0.0,0.0
